obsid,video_id,year,n_rows,n_codeable_turns,n_teacher_turns,n_chars,shared_video_id,sha256
3,329,1,250,250,134,22033,,0112d692df38d6bc3efe2d69d0fca4b2df877126c0e485be0dda3c1bd7fa4e04
4,327,1,465,465,245,39313,,ba079580cb6a4565f913a30e999ef59a45738573d2cc10ec240c23fea782edfa
5,326,1,591,591,287,32562,,1584386fbd878040bf0f03aab87269a899151f9f3ed99c477c9ff8472f7f1f7d
7,341,1,523,523,270,27671,,63dd4b0c4bc7566dc8aab90bf6db8dd236754bce83c2c56b0728364fd0e9ea95
8,350,1,468,468,231,29852,,ea79673f3c956057042c094344b0dcee03696cc4205ad9cca7527d33b9fb9d30
9,349,1,785,785,367,37247,,f5c784f11a0d9239755a140bf874cfc25562ea681e3ec0920bf77ebf59a31fa7
10,304,1,414,414,208,37043,,1f7f294b2849477a1f926d7999e9582d30f7426ad951981f9209a8819148f90e
11,305,1,691,691,337,35964,,10a5d21e26fa14deaa3708ef53780bc39d4ffc3a21d2957325fde1eb132c2e3e
12,306,1,394,394,198,42013,,98810e6dd6c9cb4eae3a628318081a03e1ca57b9e0bfbcff79d4fbe1ba8041ff
13,312,1,237,237,115,21486,,1299a63154d8a2b853cc4e3ff0af8c10bb10801361583a08048d6e2eeec3ec4f
15,309,1,437,437,210,26422,,ae682edc22247dd0e47bf1f2f23d3fc480091427fd1dcbed08ada63f2fae2b06
16,337,1,412,412,204,39390,,d97129a8bd2050c596f202466d1aeb44c8942cb35367f6b87dad07828244c07a
17,354,1,564,564,269,26084,,04a6dad4d685cfe0cea3fb6bb15950dcccaaf588f4fd927181075afb9484912b
18,310,1,451,451,206,23257,,737ad299d3e2d607197da3f0106c11810f64694514e2acccc2090a54ae477e53
19,355,1,451,451,219,22974,,6614f5d2843de1e92fa7c5c599d2ad6f7de83870f36eb107603b4fdb40bd26f5
20,336,1,664,664,326,39834,,87e6245ba90ff8857276c9d34da746585f384d8c1eff6b747bf9e4a87b593d6e
21,339,1,166,166,84,21848,,a5b9bcaa6ca40cadcb5d11e416dedeb46139fe30aa2035505ecee496f312f956
22,351,1,491,491,242,34090,,8cd629710e5e26bca97a068fe1bfd14cb203813d1df29bcccc66c1da6be04138
23,356,1,812,812,403,47384,,007d47926d115442ce9c20478ae5ba46dea99f875f45d9ac3a9d2df4ec095362
24,340,1,488,488,246,33070,,fbf549572cf5069931ae4f9f6bfa80be4b3cdf26ac177b49d14c67530a27fbcd
25,335,1,496,496,246,26035,,cb39179ad9e26f3c112df9af04904f632597fa21439ad8fccabab5402a0a8ea9
26,333,1,388,388,199,24052,,a71f7c6369f6b4dc9192eba1df026d6a77c8e87dcb17a05e9e6ed7e43bca17eb
27,334,1,183,183,90,11746,,48c562f1f985376510c2cb7369145f38034a75f0514885dfcdcb1a2fcddf906c
28,353,1,308,308,150,20781,,477112bbf29e1e569bc8c9e4595a538837d0c25433babba4ee017c2ef14781ae
29,348,1,289,289,139,15131,,078d854445a2faf6f10e884737973f9e21c23357a2a6ba916132541fa7711c4b
30,352,1,426,426,213,34337,,5bab7492053cab0fb58c3462a618f6c9668dc556b6170e4e4dc7a2ae75bf8d16
31,328,1,154,154,79,21625,,2dbbf933ab8281e4e034d4309440e4b73b3938e78cbc4f03f0ad1c14d85696b3
32,325,1,217,217,110,23066,,144bb9bc7f12a4137f998b88b0321bb01d39ec17364d728ea0160ed4ee4377c5
33,324,1,162,162,81,10820,,d3033715219a30da50a2d904f0a25a482ca72fb681ab2861c15ed981cf80ae8b
34,362,1,175,175,87,22426,,c66fa6027c8720da373863f6da931b7f7b22afd4713447d43898b10907756d18
35,361,1,514,514,255,24713,,10062d7079d2f877900b28d6eb15151dc1c308423f641f26c6051f90d499e0a5
36,424,1,394,394,198,30561,,60d701b1e238eceb7f669e3f2afd2241e6c6f0f51def7db57c4df61469521249
38,323,1,498,498,244,27408,,7605c7d3f85b7b761da03b44b8c979b0ef5c99583fa0d5f1e6d30ee954984406
39,321,1,386,386,192,42419,,37c0cbef11b15be7ba2c5763ed2f58331485b92d79759cc8fed31638b2f33b47
40,358,1,455,455,226,21892,,341d80e04f9f060d3485e1935e35ac644b7ba8e5b58691f922b37089b7c5177f
41,409,1,392,392,195,28489,,2edb701fbbf680bf7a9ace364f3e7f88483a21cbd3f55ae52d35b44ad56f202a
42,405,1,319,319,157,27520,,964e8739f33e56c8f13493d4261675d4a0d5dcb9a94f1ec0a77a9ce69ea9f14e
44,423,1,223,223,112,33113,,9c5aab164432b8a2c80fc8b5b73068e57813d061588b5c587d7306ab89aa2dca
47,322,1,352,352,153,29944,,063f648cf767a58439383133d94aa0c31221bf583d697da11de37b0c8d107fe6
48,359,1,433,433,194,18971,,4b6eb6fa5814a29f8e55f5edab2ed2e9fbd1d7a888edc86c9b561966efe3bc40
49,318,1,175,175,93,14038,,5e1f8062150a66285b3fb908dd47aa4ac1f5bdc1662549328c0a83fd72836dc2
50,319,1,272,272,143,21210,,e21b5fae22abb5c5c735f0ca01f7ea2e5baea1943f1709451e240bd5cbdb8043
51,532,1,308,308,144,20385,,83f0a40132967bbf3d9ff286370987ba02193bff62f1c36e4844732495d38a28
53,533,1,388,388,183,20938,,778163673bb75f7f1d5c889af637bfd8c313852430784928d6c5bd6eb4dfdd06
54,530,1,473,473,210,24700,,9935935de358aa8b29c2f06b508e56325d0e16ee4a684aadc362144e8d764674
56,330,1,242,242,123,22257,,691129686d811fbbc02f7c3f1047cf72ee6bc84e4c05420bb2ac3fd339d99c5c
57,315,1,222,222,111,13767,,d61b6128fcec2530ba033d5bcd4d83d269c9f1dcbc2c6ad2b04a0b8746c7e3cc
58,332,1,702,702,320,34794,,8fa6fde1d37a35d6ec394c7ca06fd5a875fb5a16e75a3e09f3013019a3112369
59,331,1,584,584,285,40750,,1b412122fc91e02bc9a731d0855f333860b785090218f10282da44cb072cbb22
60,302,1,372,372,184,21957,,15f35f4edb7e36008e5ba90efa5a74e2dfcbf5c036cae4f7c45649ff75fefbc9
63,402,1,339,339,164,31919,,f1c49905c109c76eebea278b6b32d9a2559df3222a00ffb3a4d5c9c0c2632720
64,406,1,409,409,190,32686,,c3482a0d2474f8b0a3e4c757c3d64d0c7252f54ec23563aa087ace3eca832ec4
65,408,1,268,268,133,22697,,4e512e0e557a1ecde2e27b6a0f1d899cacba31a20cef3c9401ef69857a8aab10
66,407,1,301,301,154,23835,,204cd32a9686fe1de9f3546ca9574d6255e89016373072c162caf341b7ae2cfc
67,427,1,296,296,148,24428,,6d6fec0899353a7fdd26613d16076be6466ef6790707f524b43c7a0bd3ddf867
68,363,1,181,181,94,20859,,a9ea3b1033816f4925197fc479db5686696b63e5873a08ea225dc0b45a5e44a4
69,364,1,377,377,191,29078,,b7c3613cd82b87a63c6e86b28bd0d0281c385411a211c2d8f98b354210e6702b
70,365,1,234,234,114,17017,,18fd66b0234f70028f42d7200b6c9f442106dcb952d7f959a47a839a6abaa906
72,338,1,201,201,99,22708,,81724b38666db48fce2405f781b93a61ce1412ae675e6381d08cf3627e67e698
73,334,1,325,325,140,12960,,0fb94236e85b61e03758af28859420206947e9519188abaa2f8edf88006b7d5e
74,337,1,284,284,147,29973,,6f116aaf41ca2cf7797801e6b0f3bbf0aa6e73db985989d21123c90cc7c0492f
75,343,1,219,219,108,21578,,4243d3e3088e65834282982b793aeafbca97f09594ef42ca5b6fe9d7b7b838ff
76,346,1,576,576,278,37790,,cc3fd12cd356c726442376392725cbf8980c8f74916ae7ba6a93b087120b06e5
77,345,1,297,297,147,21148,,70b1f52f45d7183e50392ef9477d09b6b627d851d6fa518fb5510580f0bc60a4
78,344,1,423,423,206,43496,,00ae87ee9db42cf8264d9d82a2d4bcbb4b0ec348fd4f0ab66fd0558f2316c24d
79,304,1,495,495,243,35310,,f6728dfcedc81dc41e9bee93a4700c90932f6839901a3375533c7570d0a2e636
80,342,1,280,280,134,27465,,da30383c70ce6945f51ee57890f3406acd2ecca923675bc48597904dfee177e6
81,347,1,465,465,229,33483,,6a005688e6018f3fc3f5a1698f96b3b301430e52e3c39b599078cd2daade8fc9
82,306,1,441,441,214,31254,,ef1bd79c584364c8147e882fa31709593d359a55147c36c55ac1b594d31448ed
83,305,1,483,483,237,23270,,5935b606d9e04b0eede477396ecde16e78006887b11ba7ea55b560f959018509
84,539,1,200,200,97,24370,,695ee2bd3980a3572c24e995379dda71ad5856e7608711ef801d558809ac4199
87,308,1,308,308,154,21467,,117941e9309bc0289a9787400627fd1823b7b6bc3aee6144a19b8d0e1647f747
88,307,1,403,403,200,30260,,a8b80dba9043e6fcbbc40e81c5f57439fb55177194e866cdce860d4db73c90bb
89,340,1,212,212,105,20667,,0fb3341473e4bf898e7fba514f03135416d66704e678b77616b5062a79d68fe2
90,335,1,1134,1134,607,37279,,78c2fe10e775623fa158c6adcfcce31457ec6875fb3d2250c8d6a24d95ece763
97,529,1,330,330,157,19996,,6df3ed27d1a3c736ceab13e47ca2aedb8b1bfdf4bc245c57a6361c748b32612e
98,358,1,474,474,233,21171,,05b6c6aaed2d07e9fb7283bba9aebb6d9d3879749d91151d0e758bcd9bd23e74
99,319,1,329,329,164,22704,,ed3dc9b781f43177b670a67b59edf3a248c3748906271c281757b988f527c886
100,359,1,640,633,293,32538,,287bfbb85bc0fb205204e68c555376ccd3102b0ecc27dfaa9d60258ba6df4fff
101,321,1,351,335,167,26465,,dd51bbed04a5af2104ad8148a99ca9197c55b739f173ef2f1060b44714b06e3d
109,357,1,268,268,129,21022,,c656f04638b3d0040d2b4841a82c07cbd8f8027d19f86f970bdb99e89025c5a8
110,356,1,555,555,276,39213,,5bbb1ff5b51a047d873b22c952e9383ada40ea03b849adc0924cc1faa42b1883
111,331,1,308,308,155,42181,,3e7831610e421717f64d97933002aee0c77a6976a8c8965db0ddc02b50d72e33
112,332,1,289,289,144,31363,,7aa7795a1358e7efb659e7bd060cb93f143a9dc579bafd5171f1255207a7d0eb
113,525,1,525,525,249,22367,,b3831533797c0710d56116133a1d66af801bf9c24eae3891081ec87178148089
117,414,1,261,261,130,29233,,365253e6339dc32ea83ae670346eb62fe582f1e2b1c8a059477b3e60f2214554
118,410,1,177,177,87,21032,,746b3f1cc77868bda751285b3a971fbae0da929939a5b46146382778f6648500
119,428,1,216,216,106,22289,,4e9687ca257a4d356359530183bcdcd61128d709700a02aa3f7b845e8b76440b
120,426,1,414,414,206,33967,,ce7ca2f2c0fd479fcb09e6fd3355e62d2397b1ab2745a5f436ec4be0198dba3f
124,325,1,140,140,70,18980,,98bd9e9226e35b8c6dad9a57280f53ca78fd83112aca0cabc63cb63a60185de7
127,349,1,372,372,186,32966,,75f0070d89039862f1dc1b62346b1818bd5ca4bdb872eedccd3b3900b7eb1dd7
128,324,1,298,298,148,19861,,d4d608be72791df9d80484071319cd5836f6184cb506f1edf72e47e9de58c0ab
129,361,1,171,171,86,31131,,76597fb43035a2f3b691ea3431d19f687b795e30fb42874aff059eee02938036
130,352,1,57,57,29,10882,,478ecf1b62755f159724e56e689df97f0cf7f290fef16b32cba4da7d9b2c181a
131,336,1,207,207,100,18401,,a37d3ac90a1530d15975217e2c21ea5106149003e01577acc6180047b8ffc1da
132,353,1,319,319,148,16133,,d9278827e1d7f39a5e59c513bd70df9c14c389cb278439c2b82d0cdd716eb7a0
133,333,1,313,313,155,20511,,040dc0e784f54e4c078548c38faca0a6a7b005bc7a4ec5d50668169c8ee5cd4c
134,341,1,481,481,231,24627,,d31a489f85c253850b1e99b8778a3d4f21d509d8c2b9a875dbc0f991b3388309
136,339,1,215,215,108,19271,,dee8a0a6bb52b32a20ed247ec676a545ed5080c092fe4d3f63c86652076d495d
137,348,1,79,79,40,10452,,1256fece19b76dbb980c997bf80eee3d0b1bdf029178a918c0652af6f0641006
138,328,1,94,94,47,14334,,979e6460e48882d5b0d7659e743500e3eb0565f1df72bc9cd84a6123536d4735
139,350,1,123,123,62,16726,,09906a3eb3febd33ed7fcd73d151287ae0277583485e797a987695e111fea27a
141,327,1,259,259,128,22503,,bdda539d72a084a493a6f134f8c80dd056de87da9d780d595c19a4b8dbb5cc35
142,362,1,239,239,128,25653,,b7aea72e0e61ac1c0c5dbb92c46adeb4251b2e4f09df1408fb95c4d3a21dfde2
144,430,1,587,587,289,30347,,c500369ef2cd8ace2287eafe30137a4f972a51400b814c1b111795653bfe9a8f
146,436,1,412,412,199,26851,,8e6eeee4cf0a2ca0c33856522467b3bc6be3d3be4bfabfede47e9d94026078ed
147,411,1,423,423,217,40991,,88dd3febcef58873b1806eee0d503d193b6da896c9f82f1a07a5a05b252b17d6
150,404,1,397,397,181,29529,,d6317b3617322f6ffa40703bc93c142187479e99b5ba71007d8df19329f1b447
151,747,1,135,135,68,27752,,3de0f8d35d911ff528b0a927ebf2a64834eab8ad49c6544dd8990f45ed69a6f8
152,755,1,492,492,192,43863,,eb44e6a0920b6df135fc7bc37081d1b2ae43bedbc9a9e6eab8cfcc78cc048478
153,750,1,217,217,108,21085,,58624d00532f6dbf7af3a7821ca205ff2296c2e6e4d6b280fb5545b6dae158f6
154,528,1,479,479,222,22332,,c9db9359440b5fc2ad8522e2bd9052e73f88048c45b4001fb06d4a48cbf03aec
155,525,1,849,849,396,34069,,54a9284a035fb7ab92db7829e35c7eec72fc4c5c8a48216be6bbe58e22aa4f14
156,748,1,446,446,222,37381,,b1a98d04fb2916c04fe1cafe247c8f14e8c82a6473ea0a3a8d7d0b98c0c80f35
157,744,1,557,557,255,41806,,5406b818317ffec6bd6d5983eaf340e11be11218a0dd15b7e78775b336d69b48
159,746,1,296,296,148,20683,,72b3c71f5c9210afe358bb10aa9766b0b8a7d60531ac2c41d0881f778c8787a3
160,754,1,285,285,140,25558,,fea0c11970bc940f39b470b0acc807ff323e18cf1660bec39c05d3c8420574e4
163,534,1,129,129,66,16271,,18ccbdaa4e8d8ac268b48fd6dca03a5d7706fcb6463b4020e634192c129906af
165,538,1,472,472,231,24685,,b938d2366417f730c2e6246a42832a700303fe005a9a3c1cdce4c5713cb8a7b8
168,540,1,453,453,201,21456,,fde1304d1d566274347fb36411207d6693b4b7c90628fa184a00dc58f368b053
169,535,1,374,374,176,22490,,171dcf924b1206a559abc3e183a4d1b94248ca91ed9cbc15d7ee30814e7ccc04
170,758,1,209,209,104,17746,,4858d821e7f80fa43519f9c08b71753f135e281e827c68fd0d37a2fb99d6b14c
171,752,1,423,423,221,35163,,914781882b3377d15dcda96b0f0efea62f58174142a487f323ab91bb04a19a62
172,515,1,333,333,144,20659,,4fac4aff138fc4e7b2e50e6e3420b43dc7746a973d23e6a2c69c4e648c431e2c
173,515,1,363,363,173,25565,,6c35c14b3558e27d9fd0758df559aeef5877f1412158c67e91f87ece1e470a7a
176,709,1,185,185,90,19430,,1302b2ff636c0417a13e0d14c121f1f7d9c8c816492a6b43ef715cbcfc2b15f0
177,716,1,467,467,236,31942,,fce1b85e0bc589faf41685d64ae66a4577dba04753df5cdad6a7a291c558ae87
178,717,1,321,321,215,19676,,38bef4a1aa0f5f1c0b838192564eeb4f0cc43b934a217c47f9a411a0c1bfdc6c
179,715,1,330,330,164,21863,,c945cc94ee3f6894bb67ad0b913fafc1536519fcda5e2b45709c8f6a5962f9f1
180,745,1,271,271,129,17828,,aefb23b71eb26b733c2df1499e760c1ac9ef9abf25983cc4603981b0ec5d73ad
182,768,1,570,570,284,32199,,673c7b503e6d6227d6f487ff65c98804e9cb1b9d09487e2b20df0a0d13a35794
183,777,1,435,435,215,28506,,8045ace68c622e76639014c326f02933e7d631b606de33b33843ec680b7facb7
184,767,1,428,428,209,29482,,ce45c0385cc8eddaa59c279f4696f1a5381239f13cd89251356965ce8b172ec1
189,769,1,448,448,188,19697,,b2c3fcd8dedeecc789ed87c1861a21790bc2b827fa99d127d3178d3e1d3e8d68
190,770,1,763,763,336,40123,,8e80bdda982b7c98d92e161c859ab002a150a678b6996fa2f1bfc58aedfe18d7
191,775,1,556,556,326,31255,,2eaee19f250f0dbfefb5b996f3f9ce6173dcca06056fde7391e9ecfcc9fd533a
192,772,1,210,210,108,26890,,b002b9101ea1b28e5671377daa7218bd11bc42dbf9c2501813c47a6d9bbf7ca7
194,766,1,174,174,86,18593,,22671a3ce1c40fcce333a39573e01043cb02f72ac7372fd3a363e57d51c5c349
195,764,1,390,390,198,22460,,13ea6806ca853d1bf22fdc418a332ef4e2cc785ccae9acd0c785098eca5a0362
196,763,1,160,160,77,19397,,e327e67798ebe870f27e2f3f83e75d4f6456e2f3e37ee685b74fc115f236cbc4
197,762,1,355,355,177,23430,,5127379a01583105059d59a27b4b207d5a03e9c7753dc00ad10671ffc2024103
198,759,1,316,316,206,32711,,8a3a214817124ea18de794d2ce709ded2910b5f99233e0ab8abe1573442ac977
199,323,1,553,553,269,24900,,95d84af4654011dc9286e250a62cd75f46afb47ee4cdb14173cfaf86952bfd29
200,318,1,499,499,260,34406,,b7c57f8d6c18d489399015fca2c4b4d797345b63ea85b314cf45f52af8a4499c
201,309,1,559,559,300,31419,,f61e20749feaa6f432288cb0006ae7faa0575d8d884bff819445723511a637f4
202,308,1,270,270,133,16305,,b5dea8ac843c50425c3600dab1cd6149d9697703808a060db82ae9418b4b40a1
203,310,1,523,523,252,30704,,6c6016953b5b8c5b4f792cb9872eca83c015a9e16b1f0c43a182ab18661c36c3
204,307,1,553,553,270,37361,,ca19fc07b40715e9505515916ad6efbea7cd1d83a3b5f2b7486e29c3df45bb55
205,343,1,200,200,102,17295,,b48e853ae2385f783bd48060ad8163b368af7fe690b50c1c452e2a50359f79c1
206,342,1,415,415,197,21691,,05d8c636b229983f4a0df4f46fd9333a7ce62b7a352be823fb63b78d1ee65988
207,346,1,516,516,276,41527,,3f907b5e7eda5c73f67913a3e9f414a1001c83046d8d1d1a6fd8d4105f3ac7e9
208,344,1,826,826,423,47578,,aba4ea2a172373366d7b2a3101fd6bd0f08077a0cb35f866bf0c6d5dae97eb6f
209,761,1,260,260,146,36519,,638ecc8e50cfd2dda0293ed4815c7f3a6720d1dc791e80a101dbd99000266470
210,742,1,385,385,191,29026,,a3b6b58b0ec742fc76b26065f0d1b540628142866718259a6303a936fadce144
211,718,1,557,557,281,27621,,ce0162cca010907a597db9465b0efa22ee837d7ac222796c7c6d86ce00d5adfb
212,719,1,135,135,67,17350,,686c9c6b5908d146e72528cbdffa884778996ae8b30171eebe1c2a1140c8bd83
213,714,1,156,156,78,18584,,bc9c622448dae8267efdfa9d7a88293fa0ba64e4765c2276ddbde84543f81870
214,712,1,517,517,275,28487,,17c10066befd95b0d3c8ce99bd3ecacbab4952d276ee39c8ec0d7b8f53e2e3da
216,700,1,212,212,104,18715,,b635fe9937053f85232b8d166706fc39252fe783c1e5a0435e97f08979bb30b0
217,699,1,163,163,124,20763,,24f5a12f23f12c9d61a6cd4c2b5a65c8f0f2201e372a51fc2f934b815a991b98
218,698,1,200,200,140,32105,,43cafca1df1a558241c907508453a200e89bf2a093438eef8eb1ab05e29152a5
219,697,1,431,431,257,29898,,abb3e9539d293637bdb6c6b8f558ef43cfe32d806d7cdada902bdf7fcaf41429
220,757,1,178,178,89,27804,,6e86be6aae7fdff14d0cce73de5bf918324d642311882a163e7ed2b77079e852
221,756,1,676,676,333,41044,,5b1b2a67c02d74471a26c77f62c509ca61968bcf44974b355813e206847ea81a
222,749,1,378,378,193,22612,,7913ccc6c616dc79b55519e5ac25f29d82d2a7a6974fe7a4be240685ef2c3b21
223,773,1,395,395,201,45737,,7b5676208ec003d89742c8bbbb40b4049c181b8151fcc70ba1f00bb9e968f1a7
224,782,1,536,536,243,33868,,d57e659b658db048464f8af85ef2545477f13f403e2d9fe1a39ebba28ae11b40
225,347,1,362,362,181,32636,,9ba8c7cad29cef0dea83d650829d2c5bd83bbaffc0c9ddba8a3e38099881785a
226,776,1,465,465,255,35758,,ecf743668ddbe88d5aec1d532d8706d07a70eb61794ddc98b6579f9df714fe40
227,345,1,731,731,365,48719,,297f9263926080a336d3dd9b8d30ee27c6da34e4b7f5873b4fc14b4178f08e5a
229,320,1,168,168,85,16063,,dbb23c3c4ebf8c6d3a4bbfc038adf9b1fd4ce271723329b0c7d82f940ad98e36
230,312,1,386,386,178,21567,,748ff0e9af4690caea123ec9b2a90b1aab090146e14a3b1a0c6a5365a6f26946
234,784,1,535,534,275,34008,,2707061808bcbc261310353ef76e48dea55170e71a82fbccd70ba17fe984a350
235,787,1,306,306,149,17094,,2d0cdaf8d99e019416e3a7e25dfb912745f6ff9a2e06d9ecb6df1e973ce0c46f
238,435,1,476,476,234,33752,,1a501bf06372feea9c061c5baa87174cd52e05a036dc695948c682cb64f556e6
239,445,1,444,444,220,44827,,8d475ed18e109a55d8d3187403dafdb8fb3d6a85603f9aacfa243f48f0044a1f
240,445,1,409,409,214,33144,,2112b646e5920352e9a97342ce414c729a32a94bac2a3f7b283532a267ffe0c8
241,412,1,181,181,117,25523,,38c09ca066aaed6f13202e2a437a95187cbb540e358ac0a1cfd89ef176f7924a
243,702,1,538,538,262,19518,,bd2e84bff088deb8b402f4c3f6401075715fdcadad5f8d704ffe710188ce43d1
244,703,1,504,504,239,23165,,4dde0e932cfdb8df9fef461b9dcf171c6ec3fb2f280c2bba539100e157f59354
245,707,1,433,433,197,20194,,b527947d9065729908e76893428735441c63f0a1d7c10e2faaf533101be05226
246,781,1,298,298,157,30994,,3e452850f8ca21c54f95cd282d9cc670fbd2b459e5cad478f1982cbfa03bb8d1
247,774,1,260,260,143,17062,,b475527fd8fcf4518633d4f339759f7f5bf77c4066584b0d376b7ccec2febd1f
248,771,1,576,576,281,33797,,8dc9bb32e8608b6816d54aee97d6439b5a83cf9f0469d3c4430c618aaca99c12
249,780,1,448,448,222,36795,,3fa8f3df82133ca5d1f2ece34167b481b64d06b7b519b5cc7df0b2a5a51e8be3
250,313,1,257,257,136,23309,,35c15f6fd7060f99a4c235619be4d0c827cab180a447d92b0d4cba3690867f2f
251,316,1,440,440,219,36198,,60483fc3fc370698ddd2ca29d59ff3eb0be98a5bb65c235be2d73b4548e84570
253,355,1,120,120,75,11539,,c7a761d45e90e3dab3057e13b2cef502645f0d1192d76f6b89cb467cc3bb774b
254,364,1,488,488,241,30227,,e262fe5f832c5fd941813f3e2b4980d96a388ade73bb27299837e93bf0e6b9ac
256,303,1,363,363,196,31610,,9d23714ad50d289290e6915fceb717b589b746b00f6b028325903534be3933d0
257,354,1,264,264,142,15539,,e6e3009b474fca9ba8f596a0865769cdd1c30c6672e04d054042e9904bf21ee6
264,708,1,522,522,260,19233,,f6426dfdf98aea8bc9525e529c11b7f3cfcae7b1df4f8f3ba0bd61c60725be15
265,704,1,130,130,64,13547,,6ff59ff39c84a8a7b1ecf8386dc9718707b8a99d20e3c0612fbea958153d3aee
266,706,1,175,175,87,22087,,bc0b614d935df1378066d8042fe95eb2daa35fedb2133fd6484c76ee9013f5c1
267,751,1,429,429,218,28589,,60d76a2dce9b94d7748c2093ed927b272798ed6587afd53dbcc3756aaacf2fa5
283,753,1,320,320,159,29621,,8286f53ef76055f0b1c516abac0248e2876eda1709cb8b475912fce023f7286f
284,760,1,419,419,207,37921,,fec1b6e46cbd857de3f390dadff345088f8c65e7721fab5f8de6bf5a95a6e617
289,726,1,355,354,174,31315,,516fe71a2b64059f04e99619334e3e9591edc6f44554b31322904e064f2b332a
295,772,1,144,144,71,18994,,7b1e851446359e9140c6c7ce017d8cc685c7aab00a3e70e8a4c0b903de21c482
297,774,1,336,336,178,19804,,644e99333817b512ff392616a75a19ba7806663e1437cb93db11f4aa33f26415
298,771,1,572,572,281,33165,,7b102e2ae0528eda7adad408d2bda6df3fca5190acc16c1f97ff29b3496be2e4
299,780,1,293,293,148,30640,,6f590ece262e0b0db10f8e4ba858f9e991c7bff3082e425406be0257bf96dc0a
300,730,1,269,269,133,19435,,cfca3fef300230c5939d9b773991e13bafff9be2a3b4147a5d7b280d0bff1d87
301,731,1,296,295,145,23742,,35c8dfffe11d0786307e2e3e7fbdf6bc156865fbf5027842a4c1053bb0058a7f
302,729,1,383,383,189,22426,,1d5a6108d295805401e6fff8cc884a7dfde5fcb3664904d1b701458ea8518c7b
303,744,1,268,268,133,38030,,b559b1384b8d566d6c165539d31a473a43120ecef828137edb051d507f0b72de
305,713,1,224,224,113,13657,,a2eebcfbf773262099bacfabf2d934e824c245e1d35c2ac08404d9562cdb3ea0
306,720,1,441,441,225,24514,,098e648c93486e4444253ab06777c39d43d2bd65bf62371147de5536a75d3e2e
308,711,1,260,260,187,20286,,85c20783a82acc75da9aa73353366509c98c2a0896f587d85294405091e1763a
309,710,1,353,353,166,21629,,9f33b4f50b035cd2eefc5be982c5a315a1c0bf4703259ff287480c2b434b540c
310,444,1,428,428,215,34402,,b86be0fec2e94e1b1c2e7457acc728d5d35ad0367a6383a6bf068f37ff0f973d
311,413,1,321,321,158,24951,,84257174a9a0c34ca9731e488373c6affe92b6a59d541f39751062348cfe57f2
313,415,1,586,586,280,41604,,0199d138640f4c077019ef27502a7444944d346e2a7725b2247ad9deb07942ec
315,445,1,520,520,262,35910,,3b36550134fdab9284698c5bd1f3cc64c88d9a93f832df9c7f0e9c03fd561744
319,446,1,243,243,121,25781,,c744def6396cc4b50643ae11612d6852207cfcade405414ea45b49586df1a462
321,725,1,326,326,161,27341,,febc53121240ba84e026a8285cfbbd7579c59b3f5e448d5657fb893e770b1465
324,738,1,392,392,198,28857,,b1d8ca47edbb2835f91957b675e760213f8431f2a3eca5977eab5282e3059409
326,727,1,432,432,214,32304,,c6805c9e87d4c3a04d72d6fd048b12995849a0d4a3a56fb47b261de0272d3112
327,741,1,457,457,220,32573,,c964243739dd226de5ab06adc964995aceca6e172339f6984a67efd048c8e909
330,789,1,453,453,212,27753,,491e9145787d779e939f72cd11831c1cdfe769a201cdbd527baaeacf698516a4
331,786,1,452,452,231,33276,,d8dd1930515efb9ef0160d36c3ae08dc5962b20860cf3e23cb3679630c20eccc
332,783,1,459,459,231,35010,,0e6b4315696d5d17edfe85b1a5c45ecf7ffe737b9954ccb5d70b2492906e6937
333,330,1,359,359,194,29077,,5ebc7faa71a2c6bc3ba5d88e5f0bdbf8fbfdb855d97a26904b9c2c237fa999e0
334,330,1,498,498,239,35575,,f0dfd1ee0b11faf75ed0ed3e40126c9818d11f45b125e357c2a4e583404276d2
335,357,1,271,271,159,19346,,db89ae6a558f49549c08bd1082096acbace2b82c78ee01c6db8508fd841bde10
336,796,1,879,879,396,37117,,2a86c899d5c599b0700f7d017e7d4e16dfb97b18825eb198cfca0e4d33f9e6cb
337,797,1,437,437,211,32407,,33715071bd77ee396c2c72e7c8ad7a74355b341d2f4ca3620f4a2820d0a825d5
338,798,1,165,165,81,36366,,dc66933ffc2ae4b5b481e0fe8bf8ec8bc58d0c52dce19837ae592416c1bbf17a
339,795,1,607,607,296,34380,,e5cc5461274914373d3bd77f26e862f43ecf3ea1c8a5c569e33373efb2321ec9
353,758,1,377,377,193,27362,,a1a0af6f987531fc7aa5439b760cf10f37cf06fd729169aad6f5e680128a4970
354,749,1,787,787,362,37200,,8d6bc5b3437fca5e9c8c6d60fb2bd0763b198560d0a49a75f5b3c4ccd011601b
355,769,1,468,468,211,17766,,60111cde1baf5653a0bb65892535d131524622b89f2d058f9d33cdda5852838f
356,770,1,565,565,286,31313,,2a1f986d2270610bbf0726879baf7e72ec67a6312371d4a492dc5f545c1456b0
357,775,1,489,489,255,24267,,29250d4bbcab9d1183a8288dbcd439457c4d8e58411489bad007519e40232a62
358,772,1,330,330,166,29854,,4a038210708b193ae45387a5da326cfd789b9ae27b62c8f01f442fb83ab56d13
359,754,1,271,271,147,26127,,c66d70546c84009672f057c6a10d361a3553385030e3fe8cee0a8bbd51940000
360,752,1,664,664,304,44494,,f18aa401e0804bc8cc6625421bbb198755123d2dbef1491aa69b84dac52f1865
361,788,1,549,549,241,35154,,5c98caf2e1fc5a4f4d6225373729af33960f76ea338ea0330a21555872818479
364,800,1,261,261,141,17015,,f6458542cb66be65a538678e005c4adceed13c82e2176f710fefe2591328603c
365,801,1,289,289,136,29280,,544d0436b61b0604f80731edcfd7f9b07ac4bf8725f1c9a7724ed4800574a06c
366,799,1,481,481,231,37104,,322b1eeabb1c58d797ae4430da5144dc3e4cffb8386e78211f0b072e84512ba1
369,792,1,361,361,183,22311,,63a7b6c69fe9daaf5a9e1161d2295d8f71bab8a3aa28710b998765423a834bde
371,747,1,235,235,118,44447,,ca6421d4e17dc727ae892742e94aa60762f858352ce1acef27e0fd343000bd2a
372,742,1,307,307,155,22373,,64f121fe466df2610c484c98f227222aa10d9ae0b63bebe7a91f9c252a7f8b45
373,750,1,387,387,189,27861,,c6ed3b4586e1556bab8f61f6d51c853c899d7f0629b1a720c98a39fc209fee6a
383,782,1,849,848,406,34698,,0bd5a1b1329c266b61504c007cb0291aa480aa355d44c992b54ba99c0b1a5145
385,777,1,564,564,274,41119,,7fe463946973090a912dca8e731fdca10f5c39049e6aefc5eb326c0daa9c3029
386,768,1,637,637,313,29168,,a4abc9415436aa5ac52f14ff45de97f2987575d1fb78a778867df024fc59682d
392,748,1,405,404,192,36278,,3d7089f0668479546b0165e309e07f4575496198bd42b7beb5bfdb6021eea69f
393,753,1,504,504,244,34802,,7770cb110408af6b874730809b64f49aa644d141515788d55206028cab8dd8c7
394,746,1,614,613,249,27895,,670cd0d6414969175ab70201e29eb48fd497ca5444d31623d80d10a05ab2352c
400,761,1,296,296,147,23415,,44a2b90385fbed59c7008dec17ffb6991e4f8957ff0437b027a25fb7ebf45e6d
403,722,1,274,274,138,33513,,d6eecba645e9f94394a6dcf5be2363cc9a1eb55d93a5bca3930d788395a13013
434,335,1,366,366,181,21146,,9de9eb5a7cfde6789f953415e77c5c0f47cce9423e38d06313e58edfaf5776be
435,338,1,487,487,220,19764,,f9346bf94443c4d9b45bc16538ba7df09ce860454c1cc5b47e6952d4463183c9
436,337,1,342,342,171,32950,,ed1aa2d7f83dc8626388b23ffc3b239dda3a9ece70caf4271b9941df9d672678
437,334,1,397,397,180,22610,,154e66f1b805f52a16b514eb33dc0ea9a22bbcf862f41aaf5fbfced1235cfc8a
446,340,1,534,534,256,31845,,d24568859a96b70f9942cfd14d5dcc52c6068f37583521029f0982c21d617599
447,333,1,211,211,105,15525,,65b5d5a85086d900ae46fd74349428676c4afd0133ea3bb3e775f1307dfb0e2e
448,336,1,447,447,231,32480,,31506b19678cbde4b27e04fd18489da24d2894fe76cd0eee664942dbccbecc77
450,328,1,405,405,201,36250,,db291ddb2feee38f1d35d70548c619e0a74fb643b8a9b55bb2e9a515e448ac93
451,326,1,357,357,188,27928,,eb48cd0e1755f2f7b5865b2a29e9484b1a41a21e76153d11032004f8a60c105f
452,329,1,255,255,137,20448,,c21d8f00163d39f25bbea3583371361793f72d491125a8e19035913c6469ebe9
453,327,1,288,288,175,27650,,1d632d6ff65ebb3aa441f7653a829007486c029567eecd8e9bed8a172f55b56e
454,375,1,427,427,214,24890,,0d51ed0ca08c8d9d3c995e46bcf38f39dd3e40327e5b1db98c3066ac31cf981d
455,324,1,451,451,219,28436,,b31d3c66891ef25930a61e888e0fd1c6444d18ad1926c8607365a604fba64092
456,306,1,474,474,236,43462,,0703c76421e6dd4f8971810c1b5e625880c106a90cb4dc3eb794d2ca21433f95
457,305,1,718,718,360,31525,,60675ab7330aee71d6d5684238bf1707c42b6b1f05c13773c7dec1cd5ff25ebc
458,304,1,391,391,195,34244,,3ccc8488229bead6180744a5a63f0f151d53e86cc36b07faaf54babd94c27309
459,755,1,564,564,202,49438,,0619cbf04700cb28b51d5c5ba99fb4797eff6d66e798d81965685ff3d64df5ee
461,759,1,371,371,187,33280,,d3d617abe7c674f166136b8200e52815ce81a3253f6cd6b79e5b23bf066233f6
465,339,1,466,466,233,28925,,0fecccf13b22578ef176eedf4ae4ef598bf7f17a86b7cbc06b46813725bdb6ad
469,447,1,177,177,89,25182,,34733ce9c30c6fbabc90af755bba0df0a4ea4564766b526bcaae575ff312c447
470,443,1,666,666,337,27747,,8cc69513ad3bf1dff3b20f18f594662e0256418be830922a4defc2273629927b
477,760,1,510,510,270,40367,,616fe2861291042c378aca4318b336a1953b0264982dd84405b19023136b433d
478,751,1,303,303,150,21201,,e5760e16965bfd99bd4a8472422d28129d7adc9cee40e1c33d9986170c23261f
480,727,1,396,396,195,36730,,f55df6f190b475d33951eb33fe1afe453d545570496d2be5d1e942a08239202c
481,721,1,552,552,266,29382,,49a6e63c56e69985ea41e3cb8e8ce77c97ad1059b5ce04d5dd3b58a30c61fc90
482,724,1,592,592,262,27687,,ab4c7a5310dbe5d4fad22e80f968a8a3656a3529a3fade07819ed57923dd011b
487,441,1,537,537,275,28916,,ef231f457f568dd477b70a7170cb46abf12cd39c506bcbcc8be51dd7f5b97f74
488,781,1,279,279,172,36386,,220e04c0ececfbd5daa36f8f0649a1469f7d43dba3a2e9883ab7595318d51fff
489,776,1,571,571,293,35802,,d9a052cf90b61831f24354c887f782869e04ce0895ea481ad8d877e592066a5f
490,773,1,469,469,235,35094,,68762d5d0fcedf2b8eaede32dfb06f69a3b0009ad7777e643789134ec40f61a3
491,778,1,370,370,177,28884,,6e6d79e8da6dd9e560f053ffb2136fb3e9e744b53e2eea5a3601ebf5adeb1d74
493,799,1,153,153,77,22218,,56eb41c0d84f41ce730234352c68452b1e48b3c7209d8f3aac6cd6a03c4727af
494,799,1,388,388,200,28508,,821667c0cb2af60eec194b7cc2b026ce7a8166ae0536e24b97a84f4384009253
495,723,1,652,652,352,37300,,76e98dbf8573b5cad4d7a1a8bd0c6df455f39587db25e1b990a6194639db25ea
496,722,1,366,366,183,32561,,28e87bcdb91ad8b01df7f2cfc55cd6d337385fe03f145209c1095bab6f2d7f4e
497,730,1,385,385,191,26386,,6bf91794cb3c68065001bab90ed11bddf75621d002c38ffbf51e3e7837055cf7
498,727,1,415,415,183,41516,,e934ef9732e9b36cbd1bf3162cb3332217dd2e1ff5f1233ac537ca6774f220ee
500,791,1,479,479,245,24233,,ee736e6c1c21160e2e6fad2a8020fc1f8b8aed5f92fbb18cdc93a49382160c22
501,792,1,455,455,222,29541,,489d665fd5c227f8c3bc287370a044f22d50631821c0bbc79143800136408a81
503,794,1,262,261,123,26240,,5da7b1373554060364be7c0520301aa134b7fc64639624bcf08f7925aaabfcdd
505,358,1,545,545,273,24536,,5127cce3d587eef94cf3a3f9d32677e846f21f3281fff08a7501ecde047d76bd
506,740,1,516,516,273,33617,,d33b97b4b783b29bcd0924f1fad58d324648c93dc56fb4a944b873cf35803645
507,739,1,310,310,154,31280,,04c5c7ac8e593ada16d596dc1b3f4762ebb0c0713f5f6cb5b10aa458e1ad4b15
508,732|733,1,918,918,445,59270,yes,dd303b5cf0f3259ba3f597693bea52043ca42c55f5178e90e1dee05131c24ad0
509,733,1,720,720,341,38591,,4931af0c892e1770e6bccafe56aaa4d076e188c2688bd92d52d44bddd3e19f31
510,734,1,512,512,237,31255,,49e1d03f62e6ed26e878d6e74cec004ebf250eefcaa993e31438b4ecdc40c135
511,735,1,202,202,99,30991,,24e7338771f3e77cefffb5bfb03db36ea458762e3c1239dad466cf685695e829
512,769,1,245,245,114,11848,,a45faf33a5c85501998c27c1cdf2961ba06e39703d857a94b326268e77ecc63e
514,770,1,459,459,208,23570,,b3c37b5816daba9d47a7d9204c86486603ff6f6b2e6418f355e7bf8decbeaa6c
515,773,1,333,333,165,32807,,353a4f958f015e8895e4fa911240ff1a82603888a3dcc08ec10b327bf1c45d0f
516,440,1,554,554,236,34593,,b00626b9aa1f8a7c8cbb5f4706aef6e05292174577df705960cb16c4ace0752c
517,438,1,493,493,267,26870,,a7973925801573d973831995753119f7a122e30107cb7029ecda6cbce2cc9713
518,444,1,222,222,114,43405,,625ec5395da35927196239ad1812b81483e7d67261523f2a0c695e419301e797
519,442,1,456,456,247,30338,,54bac621956469cc441df9013f8dfb1e6746c4d2df3524408601024ac6a27847
520,419,1,830,830,370,39880,,7d9b4bbccc29537f1f7a958b1e5fd17aa262771541edd3ddb5f3d7613366b64e
521,418,1,276,276,154,29543,,4301d84af3cf64db1d98554bb82ecc2f018cc61378261af496347de2a034ded7
522,729,1,755,755,349,35175,,7399a0a796d454adcf4ea0b539c8af3dadfc355426ffe706df93f7e8d9ee6470
523,726,1,220,220,108,32360,,4836d89551a83a6b5066c1ac473014d145b74a0ebc38c16cb8a2e5b43b320c1d
524,731,1,469,469,220,33264,,d7b5616d26834471beccb29a0390cfdee87444e481993c7e24abb9c3154c7bd2
525,721,1,231,231,161,20915,,a0d17c613bff2322dec135f2c4077ef803bf938293fb5744c6e60572109c6806
526,723,1,513,513,237,30504,,07fea97f9819c037c8f2ff5c2d35cd72ec737320b12b41d1b54d1e068d1f8133
531,308,1,336,336,171,19024,,839f795aaa4b1ce653e7e7dac7b8806c045985340bebf3252facbaebe7302d36
532,330,1,320,320,155,30187,,df946f9b4d3e653ffd461498cda447026681b57955fbe75ee338116e36b5eddc
533,323,1,232,232,127,18280,,09646e02d0e70086ed29f2266072770afef50ff1c94312f67c4ef2d8719ea448
534,320,1,397,397,198,30658,,9abbef972282fae8c04deb90cf699aa957f79e30a870c05936dcb0a9958fec5a
535,319,1,405,405,202,30059,,247d5b1df998a0110fc920ffe841b080bbb61c1f897b57cee4d34b4f1435ca8f
536,309,1,358,358,196,22110,,7b9d2c88300b5d82453d3470e727e2b697162ae99463507df833d3c358ce252d
537,307,1,536,536,248,26092,,bf9caf3965f4aa36373a5e47888924eedb744031a360261424080cc77741c2dc
538,310,1,362,362,179,28100,,3496bd95d48533665c241d7acf8f387d6bd68d4f2de79638231ca5526ba8a432
539,359,1,570,570,291,32822,,88fd77981dcf86ac8b59470db496e50b84ad3a27f0cb711f7670b4deadd72df0
540,321,1,383,383,200,36176,,cea20cc70f452db2a313981371d94f00385caa11cabbfb51098ab6043c6787c9
547,749,1,535,535,266,35960,,cd6ed48c2695d848a7a6286ab746140459df7e98b35f64315708d26df120718b
548,742,1,617,617,299,44492,,fa19c88e1bfd5621a270c2dc8b6280411287decf7bfd9c3dae362630f9a28bc5
549,439,1,409,409,201,37329,,1e1f39e9da533e66004425ccdd65be005a307b20e2b640ef69897e919bc4a320
551,417,1,345,345,171,34841,,08d961a148b06be0834336aae112938b05bc7b48c8527bf81086bb7c3a2d47f3
553,789,1,279,279,148,30274,,03641ebaa1eac48b32130e0ac011a5fd1884b3042c3700701370731e5507798f
555,785,1,662,662,314,41711,,a48b5e9631985d96f4df7483a6396bf6ac4eea9f0431062c68b7f83a78ce30d3
556,787,1,580,580,258,31536,,31fcf484d73aa116b1c5ee4c088978232be85d3dbaeb0b3c3c98785105af3482
558,318,1,310,310,156,27522,,72b43b4d9612c12119c1a2c734c61e29210227c60869d6ac9a455a2bb11a32c9
559,354,1,468,468,242,24856,,2cdaa0d8acc27d9620bde1e3b527da38815b368bcef577b579136cd49202d124
560,302,1,334,334,172,24835,,a0f4e07fe3f25e2be54af5319f2d40f72b810b537624276d78fb652ee5df82e7
561,332,1,514,514,262,32360,,70162bd21b392eddb8de4fe650c5a38dda54ae5366bf3bfca20800cfd99b24f4
563,747,1,426,426,211,38132,,e521d0b72e27732d27ee9a31a4ccb6840aae64dd3420cfaa2a0b5d9739910eeb
565,776,1,592,592,297,37622,,67012f868bd404c990294c9d146360a7842564467f2a73e2439f07c984b4cd02
568,753,1,543,543,311,36780,,acae05e9a28093e894dee66450a67248f70c9f4ff58a2132dc1cd8bd7423d8da
569,355,1,292,292,161,21756,,7748e8953b4dcfee27972d7a57816a7c52f4caf19e0f3e23c445402f81bc89c4
570,357,1,452,452,215,31673,,cefcbcfbb154d848b105bcaeb239c6dc4236fecabced2b533408cb8aac377be4
571,356,1,481,481,277,47764,,332dac75c384866d6512450c2951b9bd97d956c4df339a4a42e33ff73d24d469
572,362,1,262,262,128,24892,,e27a1a9928945b58fa00a8e5c73d168a011add48fa825450a601acb5e25bc234
573,361,1,409,409,203,50163,,924d03f4e793d401bed2033479b33ed973058171b9ec8c54e452d75cd7748563
574,344,1,471,471,225,36575,,430592c3f02a2f2cb72212643834c1a6159cc474fecd464b7aa2f4ecce995420
575,342,1,394,394,201,24373,,fc8cdbd5f0df3332836504fad3b1dd169e953418f1b9f750d556af5b19f87bc1
576,348,1,317,317,158,25906,,4c3a8fcc09026373d514ab20d8a4df10ba6aa9d88935ccc58da549edbda5bf91
577,351,1,518,518,251,35874,,1bb219d82147c8ce48ac2e53105df14dbfde73a66980ba830b441023e39e6435
578,345,1,764,764,385,49042,,cfced0e14e86ad85d14798abd3209276962d6c1c6e2a51d5cab077ed44694abc
579,349,1,168,168,86,25559,,bc94220814e8c70d62400eae0362d055466d1b6f10c63b2b141ca0e8ed6982a4
580,353,1,466,466,233,26397,,dab30b7f24bb15bb87732ef2156e7364d0c648885483653ccc538607db96efd7
581,347,1,544,544,271,28200,,f44b839293cd2ad79c02383b6c43d337f673728705af7d84874755215ac6bdcb
583,346,1,680,680,335,40213,,d19daae21c41143d3b5b76bfddcd4ec700d463bf70793a5eca403d7b9bad3301
585,352,1,251,251,135,19228,,3415bba5b124346d72d6809dc9c5fd93e1ebebb56e1d05de68d4affc9a062a2f
591,764,1,323,323,191,23879,,4a83e81cd42a35459b760c05d2da65393a85fbb928a1bf674b61ef4c0574e60f
592,763,1,268,268,134,22275,,9d8cd248921da08297133428e440ef7acaac7ebd79d182aca03162ad51df9996
593,762,1,274,274,136,19052,,e0421fbed073841443a34250d2c3a0083a312eb51f6c130d7832a9e8b2c71ebc
594,766,1,225,225,121,16506,,9204d765f66b0cd49397d03dffb0548ba5da0ed87d8d1969000e25df6a6a52ae
598,704,1,506,506,242,33616,,1133a17fd3adb5dfc6cd0f23e4bedd46624298ec955f62a19fd69c21ec8ec9e0
599,421,1,224,224,111,27841,,4b9546f24942c49852005f70a7d770f7a41691436939b411737d61b4709bcdaf
600,420,1,456,456,195,23225,,ec5e36da18bee610209f9b7370fcfa57b5e0f8dc485105ad56be8d56466a36d5
601,432,1,235,235,122,24383,,929b126e3d59040f50a398ce8abb8478f9f4a924b5c52c71763b725b814552d5
602,414,1,388,388,195,31696,,2c90b2b401b00233e9c4fef74a692acbd2ebd7fb03d08e03d3e6f75f39847880
603,417,1,150,150,75,28217,,3b6ad85fd5387919661e01d7f4c098d12b4e0d57b7fbe4d8327b0a339c73c755
617,714,1,251,251,123,23321,,ad9e2c1a2f40a1881fdb58eba6a1949a52c74200a36e50ef2681e7a1da297004
618,719,1,392,392,190,24454,,e9ed247980d24b34aa017a8f672d73d16501332404e579d6dff89d192a06e795
619,709,1,360,360,188,22741,,a0d62162aa6fcd5370c638752aa9f06b86a36bd7ffeeafaf38f11723f8208b1d
620,720,1,669,669,341,31725,,2d1f026d4134a768b089f88863e1bcfc04ad5c9c1c5b92e659e4e992b6bf758e
621,715,1,377,377,189,24583,,ce59c8e5635458655a7abce7917f9f22ee073a6760397b5cd67c3e2dcb3ccaed
622,716,1,384,384,181,28678,,330e64ba8bfdc4a1186b5deb8712480d8502ba5dcb1e818f0238c5bddc73cb3a
623,718,1,606,606,289,35855,,4761b19efc5a3e36afcfc0fe547bc46c191200663d6dfa4416b24a2b61ca2a54
624,710,1,379,379,175,24025,,8591a9d694aaca3ba8dd5dac081f6691d88eddaee94cad6a3c2f9f355402338f
625,717,1,119,119,90,13100,,6771c76220caefbd6f4d0dc7f57fc48b99abd3bfa68ae1e4b0c841e321682231
626,706,1,375,375,184,20775,,08e0d3be5fc7bb9b1393b2d5e53bb55eec039210605de1f3b061b7422cd4d524
627,702,1,503,503,247,24912,,6631338c5f066887ad3d5f370bd3c0e4e86273d19fd9f1d5759f3b5d39c87427
628,707,1,324,324,162,20735,,d162953935f656b0add4a488ddd1975133203719ee24f077df936d97a0a81908
629,705,1,343,343,164,23509,,3cf5c7779c22ed7aad6d4a841bd6cead8ee68f79096ec231f93fa87550700ba7
631,759,1,437,437,234,34853,,3925518382776c53ade4daea7998d06973b9e2a5f6d239d76f3faeae5237d2d0
632,755,1,451,451,227,45059,,6a06306997687409cf8142f60f1ea6bd8065a7da768f944b525ca6aeb3bf5ed1
633,748,1,218,218,104,25220,,0f579ecee4f71f725bb1fe0348b27bebc19aee0a68de9e46085e3627d5ee99c4
634,750,1,452,452,220,27159,,c9a93f058dabb79c67e7646e12caf1e853b98cd4abfe6014b3747ae648cfaf81
635,760,1,540,540,249,31934,,bced1ebe6172e886beae7bf112c42dec24242d8ab6a649228e1accf988c21e53
636,416,1,309,309,156,32734,,25dc88661663e86e66ab634b22a64e3239bdd91e4b52f779fe7e8f222065ab80
637,433,1,552,552,275,40270,,9ef7451ccb773daf15daeddfecbb7545e1de608914482cc57f7779fa07f035f9
638,407,1,578,578,303,38275,,713cf8aa1d68c8ca925654fc170e0663886f73868c3332ea242e22b205b0890d
639,441,1,986,986,451,41300,,cea2a679e96f2806dc15b78ce756ea2169855c36173dad1378c7e61a850584a4
641,442,1,599,599,314,36066,,91da5f68673626413f1b2cffd6aba911720193f50e264018756d27d8fa1c2d48
642,713,1,256,256,126,20193,,899f74b3c20df0732d1ff9db7bdda06f05695a17b26c22c6f6f0f932c2fc24d8
643,712,1,286,286,177,25066,,4e604bf027e7fb5c9158060bf0f8071f1b93c00803dda5aa2d71481a088de811
644,711,1,116,116,58,13982,,bf1fa38873d21d17042fe744369b0e529fabfb4f68c93cbd30775e3098ec4134
658,768,1,541,541,280,17774,,df08039c47e36004621ae64b08a0ecbd664d7cca1fe881db01e432f7391635d0
659,780,1,276,276,148,25591,,f4b9f8d92f14d503388ee717f75942574f639dab8acbe9384aded63adec61690
660,775,1,155,155,78,18859,,1815bb615cdb5ed7da2192fcc70157a5ccce67acf1c93833b6ac2a92027202ff
672,796,1,505,505,248,33408,,ef013797e5062a9d5e45fc0adc7c48470c4d2a63a9e67c0daf3a046df782f5dd
673,795,1,218,218,121,24111,,365f9f04c94ca07e4c4b40800a89678b0b1a8f59fcc313cc9f21b42974d3d95a
675,797,1,386,386,174,25580,,3119bb3fdc7105a467d01c8ee20c0a9782ee020dda06f26d528da5c5b1bf747c
676,698,1,323,323,167,42830,,c9ebda72ead6664a914a814db07997f46568c48d6f6284789d370c7f05be51fc
678,700,1,386,386,184,24223,,29ed1dfbfc870803c7829669db364bee295220d451155d40aa97e5070edb7aca
679,697,1,605,605,282,28735,,c220259d8dd97bf6c4bb7e03685721ee05d4e5e81571d8bea790cee3090f44fc
680,699,1,212,212,106,19321,,c385075559eb2dc8eebf30c446cdb1ec0fb453fb1653acbaff043eba09dea36b
683,434,1,379,379,206,35611,,70ed44c01d0a7369ab0fa4b83f963cba69c542cc7de0b71e5aeddedfc7889c78
684,444,1,456,456,250,42815,,7a682c350cc0a03d55230e4f5feeb3dbfe2ccc3daa3016bddd435911026469a0
686,438,1,388,388,211,25557,,0ebbb86a72030cd758dc1c1e4d423693675d915f62f3ea9c99ff36e86c383ed9
692,362,1,311,311,175,25590,,2f3e9a1b2678dac83c3a6f94c3518bc5ae067f3e864c209741274e3f427c24ce
693,544,1,199,199,99,16162,,fcc704b60b076bcca1c6cbf9f56ff3ad69c1c6b0dedc753d6d312a3d5e07c6e8
694,529,1,295,295,148,18877,,c61e595a8b7e43d98c84d24612a5a0db2090b2fc90269b5457180291eba8c226
703,788,1,456,456,229,37758,,43f5ddc3f2d594ed4a206651f6b51a25ca051b9899f55903dd2d7055f437be12
704,783,1,324,324,160,20440,,cc09c92eabd7c1093f93280a541a5de1410a3886c881a29f542d32e8fd147e72
705,788,1,313,313,182,32009,,55bc5492dc9e4c441461fdfedef1085a98da7d3c5e017d7f85e4e8d00d80c265
708,716,1,118,118,59,18792,,55d4717ca0783cb1954b12e64d681b51e2e29a4335d1d10b740adcf545670ea0
709,720,1,561,561,265,22959,,2b6c469133648995816a22dd783fad7065888cf168504624a912b932d66f39dc
710,715,1,354,354,167,20483,,5eed3dea4798befcf09015920557e52995cf794c987554841f984fb8ba10e224
711,719,1,393,393,210,24871,,31875cc988d38320431049db542d7c13cecc0de99da50f8b97b2be032b9bed00
713,781,1,95,95,50,10447,,813e67ef32283c355904ddecda0948a1092f5538e8f0240dbf0541f571c62db4
714,778,1,451,451,210,31218,,80b1b8d076ea48fedd31810999cd6bddca60969a06068c4ae0224d652a32126f
715,774,1,197,197,100,14251,,c514e7efaa580ab561ae8589caea2d707062d3392aaebcbffa767aaedfd78269
717,541,1,384,384,180,20401,,545d1e26920872b8bbef05b4760dc65f5e3cdfe824f5340198d9449de2915a64
726,800,1,706,706,329,28607,,84033f39c9b10adde730a4477da1eecd459baa106c0cce404675ded360addc8f
727,791,1,545,544,264,26393,,4a504a11072da6d8504ccab9117d96c97e90592fc0938921f4ad0d8686a662ca
729,440,1,353,353,194,30187,,06e877e1aeb8e3bab3aacd7c570bab39c80ed49073e5762f930c9721d3e6106e
730,426,1,240,240,120,26332,,2edd9282e31eb3d0f45ef1a3f245034dca2819cd00274152d281af7b3f5507e5
731,447,1,199,199,99,29090,,95c25fc42cd12a497244b38bd6f7aa6959d5bffa1be5f2c4c87e91d9bb62eb30
732,437,1,239,239,121,30854,,8c934a700a0e2bdb645f5edce80b94c0485fd40e11d36d921bc6ab012b497021
734,436,1,343,343,164,23308,,b6f9f3cf44c9374307ad1ecda7f5e6637b58cc9f88cdb852768e4969c7a64055
736,439,1,824,824,374,35402,,e63d114b46e42470d6a6fa02c6634d8b6f32e82ec6dce7f17542a31d8316f70b
737,424,1,589,589,276,30586,,dc64b35f76ffc25f0c31a82d85eb6ab19f53effe9caad297dd542ec14506e00c
739,427,1,535,535,284,23616,,7f0fa1876eb7b3c5f633293244dc2cc07297f0633f7b3fbf3f82f5ba54eaee43
740,425,1,689,689,333,29004,,067179a800a30f8d20eb2fa70ea1dc4ac104666252f36d14122e369b51915976
742,405,1,424,424,216,32130,,50e7799164b28a3f15d4a5944956db1fcbe61eaca17764b9c02395e1269b3672
743,406,1,594,594,283,34450,,a2bfa82ece56621b810144fc63854737ba80c9198bd09e55015dd978f8b5ec16
749,558,1,363,363,172,24624,,68a40da147a23bc215da4051f7e3acac8fa1a7cec4f6cb86d07f508e023d9477
750,566,1,189,189,105,12779,,4774189818af3c88058e66e3126c7babfaa8d2161bfa1d0c7b8a1c099c00ed37
752,334,1,624,624,287,26071,,ca43f6087135745d6ec6c0a1890e42de49a15aed9aa2dc774cc56eeda036a5e7
754,365,1,510,510,212,35210,,99676e2e93aa65ae831f2c026f13b2697559963a86bbe41911432ad2dca82a92
755,363,1,430,430,199,34671,,67cdfe5978562e4ae5db09b0f669a3daa0548d0414c730d2e6a7251ec0e1083b
756,360,1,454,454,250,25233,,c987206c31d9e3ff404db887984bb8ef7f69b7d1b56e20a41f56c17d0932a5c6
757,360,1,430,430,202,22872,,1254940aa9fb37340d1676d57f6996cd73b44c827536b74606c8aa8e6a737f7f
758,360,1,624,624,289,27947,,16bac0d929d2fb4861e56f5d1221ac2f938f7a18fd5271e7af563d8aa7892075
759,708,1,493,493,212,16623,,6ca800c4eccaf8229f26d2fecf4d01269eff09812456f2f4d8e0384e070bb297
760,706,1,94,94,55,9747,,58e2c66fae00d1009b0ef1bf95f75c3bc0ef5fa4bf78017e978c7ab9443b7989
761,703,1,591,591,269,23063,,501df3540c17a8d5eefffb5655bc857718c0c6f510edcc93df19dfc537352339
762,701,1,209,209,109,20993,,3ede9c97e70ec5de50d5c4f67727ec71e0dda708467bbcf5b89faa96618fd5a9
763,423,1,619,619,289,27705,,b99aa7cde8f8540acc0a7bb4dbbdd76708250c4bf0e2c7ea56f8d8ab3d8a776b
764,746,1,249,249,150,24310,,68d6e6fbd5f266d0ea59e2f5d85a43ecbd2544a4789dc2b2794a9edd80c0a252
765,708,1,402,402,199,25680,,8edde69c41b10184554da77641cb3c600803b82968997ffc23ad6162cbe1a69f
766,745,1,307,307,175,28811,,fd071f284f36a0f95c65f44121761009086d0ce111bdfef91f7263b9cae20935
768,752,1,366,366,208,36482,,9c6ccaefcecc47fde4194fb1a7ebf0a47e527544453120a1b5cbc139b4b7a482
769,442,1,237,237,119,17558,,386b8e32a1340a16cb908c321ea8d7042553563dd783ed8a325140baa1a222c1
771,410,1,507,507,218,30697,,80aa347a97ae8b85d053f11a6c423ab731f87000033a7a31cc4ecab0ba726dc8
772,443,1,960,960,420,30003,,2aa5b82e808b5a8ad3e1b30d3ff728e6db2bb5cf60765da84870a8c2aaa667ea
773,404,1,173,173,86,28419,,33f6d401a91ef11e8d0e2d13f4939a7835dce45709d4534240d23c4477be266c
777,714,1,142,142,91,22073,,68ba94dccf40a37d3d919147405c8dd41a8b9aca328433b1bb3bba4ce9c33dd0
778,709,1,60,60,30,13269,,8dd48e0d5bb1eae1d61adb71e9bb6e0fa63c445fa047582a4905b5dbc5c2f7b8
779,718,1,79,79,38,11311,,9331b3813b07103f80242a703640ebc7af8205694081f0f1b6cc0115737a755d
780,712,1,175,175,86,13544,,1644b8631bcf87331c9befc07817e98fcfcf9fc9e7af0fb12da01bcb9ca76a9f
781,784,1,597,597,276,39834,,ceb29c2b4be24e602a86064e700fd810bfb317b005716c351625bd2d2a9c7117
782,787,1,274,274,135,20018,,4697c33ecdd2fcc0e35825811ccf21d9708f6c20e578e6f750812d06980e5b08
783,785,1,338,338,168,29729,,77ed59fba1b392d8da8ede0fe1b9bb3b61f60034deb35621a7de3dc583a121a3
784,783,1,316,316,156,27479,,83b5aa48869015074658963eb8dfd77e98339c1aa72eeaa4d88f226dfcf7d34a
787,326,1,322,322,171,25704,,186c743cf439ba90cce476c80a3ca8298879b63b4b4abcda983342f5afb24c2b
788,302,1,323,323,174,16831,,fae83cc36d576268f96a0eae15a68734128ce46322bcb84b7a38d6fb93fde33c
789,313,1,449,449,223,27089,,d2a9d70ecfa1e84b7d332817b4de35d28f4aa1e4687d1839e38cce2e2a1ede6e
790,315,1,239,239,124,17639,,91b33e04137292aed28ccef78c58e696b960dbc584f4f6cb0952d7d6e525fae5
791,316,1,308,308,178,29002,,103a510a939844bbbfa781b95433a02638d7ece267ad2652daa26da9d0efd49f
792,303,1,791,791,368,39505,,d5fc1b09c4a3720b3d6ae483f5672f6e64dd945c90de381d6878212faf5674c7
795,710,1,170,170,84,17966,,83546933fd9f8c0c46ab57a877933d3c7cf5a30fecdf3a35e19bea0240ff95aa
796,699,1,84,84,43,17307,,7b2ffe8af3b87204781e625a0db741ca15588bd719f5370c0d2750f4f0ffd396
797,697,1,180,180,89,17914,,0e75f3177623a2f83122f52ad8adae12121d60930d0410803a88332e545bc844
798,700,1,554,554,238,29144,,55245a51eccf1d127249b774029ad303ea8098c7d5079641dbf215005a4c9fcd
799,713,1,288,288,153,15705,,10655706412802f50d769f487d190f12865fe796d51ca6b3736021590e34aa89
800,698,1,306,306,151,36612,,cbcf7977cf6fbed4a757f4b21a71398cd91fe517f4659209bf745675fb74aeb4
801,717,1,181,181,94,10583,,739c653e5cd4dc8098c85e0eef7054f61f8625e91e41d08bed52b6b166604742
802,711,1,320,320,166,18858,,8861f628cc74d3ee8fa21a9d2128aa89cd1f070f7e012f1e50e6d2476aa21de4
803,428,1,459,459,233,32657,,338813c9a38d21914270a7a24850ff5e067be921333343959eff6ccdb58efe20
812,413,1,316,316,161,25550,,e3c94ea8b1e649a98c6346c1fcfb115d56e040d58745cc48d03719bb37b6e384
813,412,1,43,43,29,21252,,d0156463d45cb99852ab883b45bb63a07468204bea516dc2e1003c0c58ad7b5f
814,415,1,527,527,277,26926,,9e9be6fd8e62a8b9d179bb77208890a8caeb85f0d7cb41846018840e50241d1d
815,411,1,377,377,210,34629,,c961964cb18faea21e4ee569537ce7329b8ac0a3c945990bb107107514c44e30
816,401,1,484,484,245,35661,,6ed6be764c2686fe09d991d690ec5c0066a1f3b3b801e208e855e3927d0c89e0
817,403,1,184,184,91,18452,,305480020be329cec690a5265721cf26fc1b61f09a1efad82d3b6eaecb0613ac
819,446,1,200,200,101,19578,,17c30582560758adde0462f3defb5df4c5a6fad7d919925d5ddbb331118a1ec5
820,704,1,158,158,76,12094,,013928c133c7063219ee9209f9df7ed82b75b3dd1e02076f1a7c6cf3cf51e02d
821,702,1,787,787,318,21913,,bc4ec9fd090fdf4ea8ca39b2ed9b469c0699a666b2cdf0d6cb0e6784ce201dfe
822,705,1,543,543,253,31977,,16de60db502c0045b399dba551a35eeed7d8dc2d81126532bd96a82e858394d4
823,707,1,284,284,127,18329,,eb290001cd33fef0977b36a6fc3b0f0c2fee2dcef55acfae988a4e62d44947fd
824,764,1,552,552,262,22042,,80c4d685845235383fdabff1d968592a793ee983f574663809aff0598120564d
825,763,1,251,251,137,25438,,f1f8e5b39986c81d3ef2817245d1b84fd06d6a772a4285a98a49489ddf774eeb
826,765,1,439,439,196,18237,,5750cbb71cc30a1bf828a4ffb3dd97e39a2146900cc682db9423fd30d10712da
827,765,1,308,308,155,17387,,17fd9c00f4c24e493c6f8dee986cc488e9d14261c6b592705ff759477ce26283
828,766,1,257,257,116,18541,,405357b4c9f6f1f6361848bdbd4c73063a19030a3198212d5acac145cdb2431d
829,762,1,474,474,246,22503,,d8c0c81e0f31b14831fe1d637fa4252c3cdd96c931189be201f0c6a114bb54ed
832,779,1,184,184,87,19009,,b64ead516c657435af04e6438a4c34fd2c34bb466b9e91f5441eb0546e8879b1
833,767,1,225,225,113,28853,,9ca40a43c6eb2e96787daf9a7cb687ae99f5bb035d962cf7573d53ab2b458faa
834,777,1,656,656,315,41755,,e38e835f7fb07a8a6e9273eae00d1f34db4d5cff7fa2fc5ec159f26272aedb18
836,782,1,485,485,244,33065,,fd6fd59860c913ae94c4124128550277d207148d9b56f722254d7e51f0cba253
837,744,1,450,450,228,41103,,d765a2612c97a8a96a69df38b93d572b81ac1f908bc4b603c12c33e5553d49a3
838,761,1,141,141,84,25813,,01d8192df0fa149e5fd9cdb801422f6bfb87ab83dc0c4120aad1aaa9be503063
839,753,1,412,412,205,27480,,2b0fa0be84aef006e6d1927205b2f59e271b78845e572393aab9b87ab0fef2bd
841,751,1,241,241,134,18944,,4501b9e57c518387ffdb40e73004cd3621be9c02f59242803287960511732785
842,757,1,352,352,176,31335,,5c7fb7ad6ff98b365f9a37c340bec35e0cbaa0370c081161ec65af0225b5fd1f
843,402,1,166,166,84,20966,,11328fe2eabe252da3d3f18ec3d89f26656ff56b457de785c62471237d5b6d92
844,722,1,441,441,229,28132,,5b1918cd1c41d6397b5cea527807380e9af4dd4da3aa0c00d08f88c6e6033679
845,723,1,524,524,294,33192,,9c80b60f73cebc93764b80b8e2fc3b2e4eb47e227a478e0e5ab821f682ee93fc
846,727,1,263,263,141,28136,,7f147e1ef350f9c75a751e58aa0548621b166629a6a50b0981a20b9517cfd86f
847,724,1,497,497,244,40513,,1011f02ccb46daab045cf886ad3164a57aa1642c6af8309835cda7523a9cf598
848,721,1,444,444,210,31200,,e643e9e3c957aa2365b1122f6279df61183d2db470c527984e7745313ad09748
849,432,1,142,142,72,17375,,797dd51012c7559b7e13611119b371f00fbcb15c6f2a55f8954cba670e31c12f
850,441,1,341,341,167,24446,,d424ec1cd2298a468df18a1fd06e248a6e4aa5b0d3c6495ca706750468138b29
851,437,1,246,246,122,34247,,fc870f9aeb39c9b97c41582b1824819567e3c79441a9f274dfbfd8e1064df8f5
852,435,1,455,455,254,32098,,3d6eee37333e21cf8aeb523d675c4dc814ade58d7619cb7bb6ba7231189aac13
853,771,1,601,601,318,20823,,07a0f961d3b1eda8d3451fc12308b3730c06d90e4a28f16ee12448779f80d0f9
854,801,1,420,420,164,21454,,58f8d95a50b96cc12c3c98d2ca0d2bd34c2967b06fea485f7670eaf6f2ad0e3f
855,800,1,396,396,205,28073,,e39b7bacc86a46b3477be0595933f29e14f38fb181d2436c94464668612ced84
856,799,1,385,385,191,37553,,38226455ef98c92480cfff6862370fad5b314cb0dceccf989d634b36f5339a7e
867,725,1,198,198,110,20025,,99d67b8999612cb18d42bb9d5ed11c1850faa1675e663be7388735a6e8958ac4
868,726,1,193,193,96,21957,,d5e5507821c3b161b1db54cfc9c8347ca10db4082e4fba24a9d9c678f95bde6f
870,731,1,762,762,362,52923,,bd29e6fbeb5fac1224e5970068c05a6e48d73326582c4aa0b9f83f2c847e0a7f
871,729,1,529,529,255,34735,,d927ac12cb20dbcc85afd1e4bc562a4e619a7db17e25728e9b20ba43c37bd226
879,745,1,467,467,230,31872,,6dd52d5ace9f28d9bd6de07ec097eaf9c0541119a75d0941895805114136c7bc
882,426,1,532,532,261,36149,,69c158b125654901ba89660b8ea88b279cdbb6b544a7dac86a37602aa7316863
883,433,1,359,359,176,34490,,891a20b5c31dd635de9b464ed595f2944e8c0e86ca9c8fd819ecb918ae419757
884,418,1,399,399,184,35453,,caf00a702447d511d275ed4143403a52455d60f4d515de604b4ec4b0816f7f3f
885,439,1,402,402,200,35983,,9c448473ef10df51cba5ee1ed20f220cbca430c7359f1d5c4dbd060972e502c3
886,436,1,413,413,220,27854,,a83bc8c57a1491f306798eebd32046468544a75c97e956ca0bf7cd126d447b79
888,421,1,324,324,162,23035,,7d11650605927d25c91c6ffa8f9190f2b17f421f163c88a82b8ffdc9df1c1d5f
890,791,1,249,249,123,24113,,fe5ba49893f47527c77623b08e3df8f5f949eb38d5df660aa267014b72b19920
891,792,1,595,595,311,32281,,b231592a466556d4279eacc51bb7d1daf4179f1d72e96b9bf4301a2cba5d234c
892,790,1,312,312,165,31596,,6c33556fe1c99421d3f22ff01074baf42322a5f8a8d166d92d436f6cc0745904
893,794,1,304,304,149,24831,,b28610bdd1fb126942bb5f073235d626430437a28e32dc2092e8986978e6b1e2
894,705,1,513,513,276,30335,,28aa712cf2683b16f71c9ab313ba0b7220b9f7b4d1a917e6f52d7b08e2410b86
895,438,1,374,374,185,35039,,e66a744dcbfd9bc751ff9187d6f8c5e5f41ae80c208be8bb87732376c4b5fce6
896,422,1,535,535,287,25771,,2c44e85a131c0dd22a0e1e713cf9cde0afb407aec1e449b650161dcb48d2821a
904,528,1,325,325,196,26995,,594a8d3c013f3775ce9d14b1e74ae68b3b2449aef148cb5cb05778563e745ab1
905,525,1,716,716,339,28312,,a1843a7e40b7ac3041aa5d2d24da47f282075186fe54c63292f145f4a8ebec11
906,526,1,134,134,68,12455,,29598a769f21c35f348d6390a3d1abccf942682b7e148a6cd0e035134aec5d33
907,757,1,129,129,65,19106,,9bb517c96540429f41e4eaf13390ba6647e9ee06e4ce304f9460340abe7e04ac
908,754,1,347,347,268,24992,,da1748b210c3ef916c7206a5c8add4272bf71ca7ce035f25425444206070784e
909,758,1,360,360,167,25121,,b6acb5750b0f7e24265758229a7877e47eaefc21304d749d1be9c8eccd4076a7
910,788,1,840,840,389,44362,,c675d4805425037eaaa170c6af9adba38189fbdb97deb2f603338719af13ab00
911,786,1,330,330,183,36412,,d246e219fc24981cf44e9bcbe8aef1c5c549e72d84625b319915b133ee8fc257
912,785,1,407,407,219,32434,,a523ba5491e1e1252831db2cee65a1fe512ddb3c935b3df4e24da394bb97d609
913,798,1,261,261,136,37571,,89fd8db9ad58cfbbb24a8b67595c876a812d14e12e1f698f09ffd7b51f09d73f
914,796,1,690,690,350,35083,,62f1b66ee68b31a0cfda565608233a8da48b766090bcf6fb8ececb64f0009a6a
915,795,1,142,142,71,20711,,ebdc6c96c02c9885948218bf3ab7d3f58f1e74aae88bfae7a44ac04283134aa5
916,798,1,361,361,191,42241,,a15bc345772ab8375d50e026f660b28dd8253d526a1c6dbb9b665a61aa3e2851
917,797,1,203,203,99,28160,,c3a02716fd3d6cf90641e4929a65eca26338b5a3489f0e96da26a90304212ce1
919,735,1,546,546,268,29310,,0e53fc848f3f6452d2b9131d7c67c8973f960c59837667a09e2518785bcde9b9
920,739,1,120,120,60,19551,,27d658d91f74e98d2484cc8930dc94983c6695cc58eb775239eff257bbb55242
921,741,1,164,164,82,17802,,1d3e03e5830b87382817c4428ced10a44d88f0cc1c9d7555d312af9623789241
922,732,1,247,247,123,16693,,c5ceb413ed568a61437dce363f740b14bbaafa24a540c2c7025cfa19ea27c38f
923,733,1,306,306,152,19233,,1d13bc712ae1d325d9843655bd84aae2549ad1436bac172887dff494b32256d3
924,736,1,264,264,132,22951,,e0fb037e52632217986a030921943fff946739ce27a5cae0e93c9ebdc055fbfb
925,738,1,651,651,279,24344,,fc427deea4394aede48e723f583ce36a84d784b190178ee0a3ae8285fe915107
926,734,1,140,140,71,17824,,867ec31aeaa6fd596a140e4d546af795e7ae3d351920cf6926a9b0911a06167f
927,737,1,239,239,106,23166,,08755c8f6268e514496b76f96d2f3900e3178a4d391012e22866fb017f622ac3
928,541,1,329,329,161,18422,,3bc6964d2b21d571105708b1e3f3615c036a780c0a9f507ec0e5ab64fae4cbfb
929,542,1,324,324,149,20550,,8233641f877895292e9278b5e60afffde391ba3840df36e89fe20700cd6b91ff
930,516,1,307,307,161,23390,,28756070426dd4f694090a8caf6b0e07600e11acd65e1911417a8298a4b114f6
933,440,1,339,339,171,28096,,67cfe49eb2ba127918680117b1004ae3a0ed64f6005177b13a5b56ea7c24e4ec
934,514,1,199,199,100,19311,,687413b6d4d8da0c68412425b62604525e2248cdc72ce472ea36ef8d59ce896b
935,513,1,198,198,93,13389,,bb14ec645b3a34b43fdeba952478e228302e33ff12f438a4f1c0713d896d35dc
937,511,1,389,389,217,23784,,3e135dee4eb305ae377ea979e52d730d12aa9fb9973a73a4ecd7287438006910
938,421,1,207,207,104,20230,,29adeeb152a8921c6ad134621611cf6ab2833425dfb121353c12a753ee65dce4
939,420,1,127,127,77,11146,,f20e3543096c9ecabedb6b74f113ef2a4e02581710502bfe45f8bceaab5e758b
940,423,1,204,204,103,21907,,32c20c98c6c1925b38fbe298cef49b6e8abccec20d5ece99c92e43990e180abd
941,416,1,424,424,200,24521,,8eb51e5b7866d1a1bf98c5e29bac68cbdeb1cd08e218f38dfefea393c5528205
946,518,1,168,168,101,17743,,0a64439a192b456772a36815e8465a5eb626bbac8c7c0e9bd95d95b0bef7047e
951,419,1,439,439,226,24135,,c4b61a987beafd5c20f61b06c85ec30f59aa752ed7359a6380509b3dc24da463
952,418,1,202,202,106,18957,,f0b32cd91ad28b7e862682c863d48fcea055b7eb428fea39a60632ba105ff6e5
953,413,1,317,317,170,21777,,11df523acf1f61d66951721f6c5f9bcce976bd5c8315b8262ebc58fa1823bf99
955,415,1,711,711,324,28766,,b09b717149367a8e88e97fa47acd19261c59f3b31387dfe5fee2fec749cf640f
956,546,1,324,324,176,33212,,ed754c2d62bb8662df5f16e97facd30c16622f115247039f7f52024ef2dd1ee5
957,543,1,426,426,230,39539,,7a339bb04ccd32934584dfaacaf62a14618e1784a66f63e91d2bb2d293361640
958,546,1,418,418,224,32623,,b8be822c6b0cb69ff673880d8aa4a55f867169eca07c48e94ba84e09d6fe9cfb
961,545,1,564,564,254,39182,,51f1c301763b7742bd72881849fc1af4c7e3d7f0ed40eda3e19a44b8f8928dd9
962,543,1,507,507,237,47870,,b99175009143ed09568a138383f3b22d8c4589b08d91c229ba2964ddc1fddf22
963,740,1,149,149,78,24886,,d3eadec5ad6d7a83a96caeb11c9dd5afb09ab23c10c297316ab1fb29e648f028
964,733,1,488,488,221,26949,,947566be7ea5dba8620aab6a574eee5c11c853c299d022eada32c62eb9212789
965,420,1,379,379,175,25467,,2df2c27a8d2795c6afaec47a13421bd3d9887364dfffcfee53a41f5f35c96305
966,422,1,751,751,360,29405,,6973503c36f159eb3d599c1b2927d5843d27976dc6dab812bb963fd8c27ee243
967,412,1,162,162,72,14981,,7c98b7901eecb11a346cb669213aba604ddc483d066bed5710915cbb007ed626
968,405,1,284,284,136,27644,,84037ae255cc9efcc96d0f555cd77e91dd12f20a18b113075dd32fdfc7ee3f2b
969,408,1,391,391,181,28210,,13eb5addd4fe2e9d5fdd25795111c63de68bd231de53dca4b6e9d4057c9324e5
970,736,1,334,334,161,23406,,9bdce03f2cb5b10849ba46b7cefd0e1a7fb877e1fa85f02adf5ca4430c644038
972,739,1,122,122,68,24556,,fcafe9910ae4d32fe51bf91d61e1ff6b72b669e6754681d2dd41544d5c5c879c
982,523,1,281,281,160,15712,,d39717b1ab1831ab7e411300c949dd26492389db715550da0a4d781fab0105e7
983,735,1,461,461,223,30360,,8b7eb3f4100ef52b9daea6caa8048ee8c078f32968f0dff7b554b50f2dbd9299
985,410,1,242,242,124,35208,,d325935d19698096a5a3416ff2722e30b60f2a6fe6138bec4f0586c9bb29b79d
986,409,1,172,172,86,24529,,62321acc55c6dfbb381ccb8c34d5295d1dcd02f0ac222682e6c9156b3122ed0b
987,446,1,529,529,266,34826,,ee896848115c89aa9b2f45517439d3e5333081450b504f76e1543de7cfe8c013
988,443,1,605,605,291,24797,,a1b65d62f6b703881bd6c585c0d970c8a91c3819e10e4e507a9db9e71650e440
989,732,1,519,519,245,23979,,d31a6c40dd675196041828ccb70b15561ddb7726d321bcc31572977a5761ece0
990,738,1,353,353,184,24590,,f45da8d2ebdd6b9dd94a930a6097e524df521ddc1d977455bf93eea6bb14dc73
991,734,1,463,463,211,23080,,706fdff9de4b12743e0c5a222b4eb285f9312deb280620e8e1f70dbe07c63007
992,741,1,385,385,140,13285,,f2f37ae6a8cc1b3d73e307b0f953e4b22b2725110debaed3c59c72418ef9c6a5
993,737,1,396,396,174,23401,,815dc742ca18161b63d7776addf2b18b25cf8102cee7c981d773f5ffd56518ea
994,524,1,479,479,276,23406,,9b9615ba7ab086f19cd0365c268510f6dbf6987aed20103135df1d638b51084c
995,514,1,206,206,105,14051,,813aadd0a747ddcc6ab1473fe2f3c07188901f6c8cb14f3981d3f8f4111d98a6
996,511,1,243,243,125,17466,,d87c5edb74adfb8f7b7b20f43fc86a36440a97a876873f8a692d305621ca43a3
997,513,1,86,86,42,5560,,0c73e66defdfd1305d13cc3070a003ee7c00a0dbfc81b9b4b5b1327c01fdfd02
998,512,1,552,552,246,26979,,7063fc16f938f2157cb274535159ebb96e516b518e2aefdeb33fab6164552a75
999,546,1,457,457,221,35674,,d609d7590de97e2ef91b606392bd6d7f922ff74f9095790f8df3935be054e071
1005,551,1,230,230,113,24413,,dd0cbe73f4020d3d455f05f2d114925ef3221e8f464030dcb10fd323c63d3eb7
1006,550,1,82,82,38,6400,,ba2972562cc3e5566544ac3582f087b84b87899898d85a36ad11265ab569cf62
1007,794,1,310,310,145,15927,,f191f9c6119bcf9704d3aea1ca2a79e89f2735635061281ff38de1758cd2c001
1009,779,1,389,389,191,27029,,98bd73e21ee333ce41b5dd4b3f192939c253793e154f7336b9c06bbe3a2db7aa
1013,535,1,693,693,329,27264,,50466a0494afc786427d396521191285159259cf52de068a706b2a5e00f69ac5
1015,701,1,294,294,154,18508,,42c81fefb307b9953b2028ab0ff66e6af487d055b82fd00f35637e5414752c7a
1016,703,1,252,252,126,15682,,b80246fe75a386d6973f8f3578af34661cca20da9366edb6698fef48abf52d2b
1017,701,1,263,263,126,17305,,a55c409505896d056f07d39df4f76d1ba718ef81281770ead2972ad9e95fb1f4
1018,401,1,292,292,150,24266,,57e924dc1453d43b5468c6f5bd4976466d447a934bfa902e4443df9dd22b2137
1019,437,1,90,90,46,19419,,4bd5168dd3d3b97629edd03322c71e5f66be6e34cd76f76f7d07479b1082e7aa
1020,427,1,272,272,137,21427,,2d790a5b4c059aa9e5323f42586d1c5b5579b5667e7d07ff0bed62c6384fcd69
1021,428,1,566,566,279,38295,,1ad434b79dffea2458eed5e84babdc999fbbf8f2988f1570993468dd962df0d4
1022,432,1,91,91,50,13407,,78de1c0eb9892e7840ee43ce1bf5851df90b7bb5206988c71b05782905e2281a
1026,528,1,319,319,155,22918,,95fe01c8448b4cd7429a8d1d4fcfbd9fb4085af584b639efaa5dc3e592280063
1027,526,1,173,173,89,13221,,0671e43abfbb4dfe038b814222e51ebd61381c8d9380dd01105a931940575899
1028,509,1,247,247,118,15209,,2ae437d5c3b989f0370a01f813049c548d1cf1c2101c65625194ebb22274f95e
1029,508,1,311,311,154,16759,,1b6a61c60965ab5b9f51314bd604b46161582e4a55ecf8438686d7eb5c03e496
1030,779,1,297,297,141,24763,,5a415f5cf556bf3acab0f637df8d67ef8e22aa4d6be108fa5820e1b722005cae
1035,558,1,1121,1121,484,36104,,d55f7557bd3d490f47614b7baa2e37f3e8bd957ec4bec83a67bfca9631d260ba
1036,558,1,388,388,207,27292,,271d28a9fc66cce5b04a9205fdb7c505e2d6e858bfbdea628a3ac27b54f7eae5
1037,556,1,114,114,44,11556,,2301c8f7d29b189e569c5aa9c55b0a96d84a012d6786a6ec1a637494e4e21eaa
1038,786,1,401,401,198,31895,,d6d0e74bdd612793a5355c28208aed0a0f12b205a3c918438b15ed591a1a8843
1039,535,1,265,265,148,24805,,18d623371ca85606851ac0321c01eef8ca9a0fb7b0642b88ea0f8db0ba3910f0
1041,536,1,129,129,65,18071,,19f73b97fc9a80f14419f73cd993b58e9ecfc57c31ff93f2e3202c2cbf574b5d
1042,434,1,309,308,146,15912,,25c6e936ce5c2e1b899d828d80dc622c1f3584fc21e9cb0cd5192516cc2341c5
1043,433,1,298,298,151,20793,,cfd62925f4931069eed70e948e15085ffb750d5734b813e78bed716b7c6a0350
1044,411,1,332,332,187,33275,,820f37ea4e497b746bd9dcb4d344d6a9b1ef88f95333c283ded4ca851436e28a
1045,414,1,381,381,189,26756,,2e1f0e3d68340f0fffdc4148d261724d19a136f226977551ccd7241d091891a9
1046,425,1,581,580,293,23176,,393910f10440a7a57de9cfd7df6602ba1cc273d7b6e71a3d2d9b328e7db7eee8
1047,404,1,254,254,139,20196,,889dbf0f37e433805f7355577b494ca58e37f113b8d92762c720fce01416d681
1049,446,1,576,576,286,35662,,32461e3aa42ae3603f9be3d719cb1362e2e38a6461ef8d679e53779e9e79cb2e
1052,507,1,170,170,102,15677,,b0c2066eace91bf18a0e11380c6e5f3dc0456ef10717d374b081dc3c9e49c38d
1053,507,1,333,333,157,32465,,7501de341381b73a36120cebd0e3e8f06b7e046bbd25d5c702db30286a61d10f
1054,507,1,323,323,171,28608,,58f92dfef4c5fb5359884213d32c26c933fce2d52c2b196b42e74b3a047737b9
1055,508,1,320,320,162,15779,,1a0a5259ae3b609fcb5da2c09edf66e961073f9b4be59b3a3104754855dcf6b9
1056,508,1,291,291,146,15400,,d22ca0842f4c650a642dd35977838695a7ca491aefc0dc4087472687bb049fda
1057,509,1,242,242,117,13330,,0c080fac7795ef159fe6e19c78ee6eb108652047d19a68b622cc2ce06634f521
1058,509,1,320,320,161,14714,,a7e19b4b6d9f7c064be678b06fe6ddd06806438987994eceda3a2dd72287f778
1059,524,1,276,276,202,22912,,6a33160c5ab63f0066a6c3e0b995908ce2ebebb3ff81a06959fb81086dc709fb
1060,523,1,215,215,106,12958,,47a1a5f1b5e9b120862ec08fb9f58de0789b2a4249e6c084ccd482168f665cf0
1061,313,1,453,453,235,33689,,b2a7e88fb460d3c66ac380478a5ed9f540a08a7afc8a2414dad34a4d6de68e53
1062,316,1,556,556,283,50139,,4b0fee30d6e8ca2b34fff96a503de32e8068eb3a6b1ae59efbb79298f5ad47bf
1063,315,1,207,207,103,13914,,31d0b0d90689f093ec78a300df08eefd45448e639f95c1b0c704e73293fbcba8
1064,341,1,580,580,275,26530,,93bac01744969200e8a1585f3e49a02167b7f877ac0ddab370fb745515a11f23
1067,501,1,236,236,117,20390,,78c9322988a32dbde95a8a4e3740e1880ddcdee37b139525f45de7ae0d6a7c92
1068,502,1,305,305,152,27176,,d549ea9ee675d63e649077ff0e9fe5c62dde7bd7fe40f61019b2894616eeea5b
1069,503,1,219,219,152,18547,,adc1a26f31876a62e99f491d6482a8918c58738a2e57877f7b745d28ee8fb02b
1072,523,1,497,497,244,23839,,24108c207d500a8da54be9a23c395ba18f4e8788b86fdf71e2b29e30e530f466
1073,547,1,334,334,174,22545,,e6363599b943f2f3407081666495156e2556d39272c68470b82d2fecdddda6cf
1074,547,1,553,553,272,30223,,8031ebd4735b04c9ac4c72613d0d04dc35925b1f71736610f70d8ad681a60881
1075,524,1,269,269,135,32368,,e1dc3d329618a3a4078200f26d8fec14540ba0d15ad8452de69b1268b7691b71
1076,350,1,183,183,92,18858,,d7bb8427f30377d66d3565854ac19e45dc4522eee959b6f9fae476bd751c6e51
1077,501,1,448,448,208,24332,,1a75966acdd764b89cce81cc56f40f5811dbc11cbee37a2319d07fbd703e3c7f
1078,502,1,285,285,133,18264,,5011f438e4aed467cf1760c03f60157103418ffc3216598cebef032835b01e28
1079,503,1,254,254,124,18600,,4a3cab504d97dd33391f8faf7594960a303c8925b8fa1052174af1b485de99e9
1080,403,1,183,183,91,19259,,035ecefc8aefe65d43f68f177c4fe32b4dff97ec3e2fc146247cebcf6ace4b09
1081,406,1,141,141,70,26083,,5950264e5eccc23a6ac46401cd4f058168a025aa071df1ccc09b91b4327a3a31
1082,430,1,166,166,84,10953,,f8872781681e8f0cb8ef3cbef3642781d5d957a16574b1306a5b60b2f24fdd94
1083,430,1,253,253,135,17684,,cc76be79d9e0dd3a0f4ece032d843daf06af69df2c5be5d5cd049fcfbb7497bd
1084,351,1,403,403,215,39509,,179511372264e264dc071d0e329d4a194d011b7f4d113076199e26bf73543167
1085,320,1,599,599,316,33813,,67a140d39886a3f8341a5ec69553abbe49715581b9d8e3d83ed8ab82a90ff82b
1086,363,1,212,212,112,18069,,510d35315a7d088cd08ce074ff3bcc142b5e288abe7a49c163e56006031b874d
1087,364,1,643,643,318,30178,,ee381737a52f07295375aff694ff1f5feae052a9d88473f49bd498b791e1dd56
1089,549,1,424,424,191,16112,,8a4c85e36af6ea87ba2381426eae43452703c815cdfbcfac1ac91ebf5d23c8f3
1090,543,1,249,249,127,24407,,e11fbeebf8814624e9aa67d94d98e495ebc476b0a206444a651db3c3ffb25480
1092,545,1,282,282,149,21692,,6f609027b11d5719ceaf5ffecba5341947c23756666d281dd61f3f8f4a22f2af
1093,545,1,251,251,123,20810,,c4fc53a974b1228ee9aee065bb85ac4c8a022190b24ea914f46fad03f8f2e468
1094,544,1,373,373,178,34005,,b7088959c951f8f90a7fcd3e77692c6aa66ce7164910e7e8274d0fa33efd9913
1095,547,1,233,233,114,20356,,7a92edbfc655524f0fb2edfbdb55f1314364fced6042f165d52cc882ad818311
1096,548,1,65,65,33,5461,,f86b1a9147dfb6631b01fe5665644ca924db3ee663711b275e7b9c69663fec7c
1098,550,1,400,400,195,34339,,e48341c7084096551438df0c92db827f8d922eaf12c7d3f401ea135c98f98a47
1099,550,1,168,168,101,12335,,1e94cb30e59bbef2d07550f54173c026e9c1eb5e5eb96a7f49c9755e56dcd369
1100,550,1,438,438,229,20853,,2caf84f023a7e2247d6009249edaaffa37083e364d74c21333d6543bd135faab
1101,550,1,335,335,176,17746,,53888693eb2239ab64cd6033c083c8c2468954a2dbb95973040a88c5cadf6488
1119,407,1,694,694,312,35878,,3aca8d44da386d1697df3e69dc70cd31f5c581e9c3a921b894ea8fab3c9e1f3a
1120,401,1,168,168,85,21885,,80fbcd7b84f639fbf0f102edb8bc99065b4985b89344084ee209b0573e74ca5f
1136,548,1,214,214,112,14771,,a0dccfa3c89f17c10cdddff7e7aad473267da53275e7a62af7931d3b2bcf2583
1137,551,1,262,262,128,28893,,283e70f64f541f8abf2eeff57fd8cb35054f7145efaf042b6b02319ed2fd5a72
1138,712,1,228,228,111,15531,,5671cee7f24d5ec8f386f83d4933d841b9a818d582d21d17528ea7160a23715d
1140,500,1,193,193,77,11483,,d2717ce40aa0488f3c90a719c2d7c8681ceb79c0749262967955c6b0d04838c8
1141,512,1,305,305,141,20662,,2c3087982aecd5b8e0d563502646a4e9ba6ab680c863d4afcaa82d0c89d55fbe
1142,500,1,218,218,100,15405,,8f88a8711a312169f41f4fdaf96b695fb96ae008caa7933a92d937b0bdb4f574
1144,532,1,326,326,202,18482,,abf182eaf2fa43fbdea8b278cb8609445a4582809cea413f9684cc3b573760d8
1145,529,1,413,413,248,25978,,f46f03876ce7639cc9503eb4fdb986f08cf0ef0df063fb524568c263e1aeb10e
1146,331,1,364,364,206,33867,,879091d52d60d5984254347a82a33d992801d9c5a09ae0283adab11036bb1341
1147,343,1,392,392,192,26488,,732269978a4613ae33f7964cf722d8feff96b05ad6ae8909460ebb5debbb82b1
1152,518,1,193,193,97,20150,,2195741feec6fac5302330a408b450de70134220498c5be4556d1411504cc871
1153,516,1,376,376,184,19975,,9c0d1de2f0d5e5aa72b0c180626df23f3b33ca88a88a2ee025a35a792d87dfe0
1159,534,1,163,163,81,16682,,586906ffe0d0897861550d59cf00515b71c437227e1998e0dad575ea66175579
1160,534,1,112,112,56,16160,,47c96ffb6c6762cf7f161ccf6b3eb39b61b592149a6e6e8e71c5ec911210c83f
1161,506,1,600,600,285,39697,,77da4068dc4d646567f1789ed58850d9796516be9189e5f3ad06d50f5bba1bf9
1162,504,1,358,358,177,25496,,ac78910dda2ff324d915c1e71d98e378ac135343446b3630557f24eb12f94c71
1164,505,1,342,342,158,16050,,6e607650ae008702c232cf7f32342687ff15b0c035a0bed5cf368c5617761f33
1165,506,1,325,325,160,33263,,b57adbf1e2b95fb10e7c769914483fa35bf1197656f4ebcaf1ea3974c2b9411e
1166,539,1,82,82,41,9233,,c3a50c06d6034ad086567a21fc9af150d055774e767edd8321578fd14f97079f
1168,501,1,359,359,172,24372,,94f5324e3f89032930c0becfb5f30e0e581403da9d57fe814123b3ae537ced25
2005,815,2,245,245,123,15425,,3974f965f75d0ec278295c6f4e6405608c7407daf700d1923ef386c5b12d585c
2006,780,2,113,113,57,21391,,f0672bcc2fc821f6e1950764aa1e1e406000cac32259c4fb1df15c0049fc9e46
2007,791,2,113,113,57,19496,,04c88fe86773daf36149cee6bd3dcd32c0592e1d329560daf0ba830bb248d9e5
2008,816,2,151,151,76,28871,,b793e98f0caa7fac3432963d6e41e0653619d7dae8b5b8f80de99967ab752357
2009,805,2,81,81,40,16408,,5ff5f4bb3fad5b8c87ac18a7c118db26729844480881f416bbefe01f802d3a69
2010,731,2,268,268,132,27681,,bd20e8e79a860200818e34a88a25205c25483794e2596c2a4b4a0a255edff886
2013,723,2,317,317,159,26596,,c13929650c5e9f9009dba3c5abbf9ef587108cee256d4e8169ffb67fe7fc58fc
2014,725,2,414,414,215,20056,,f209f9801983f5db1a450dacbc04e7bb57c90e7017365814c4628df9d11e4091
2015,726,2,369,369,204,27820,,9a6e1528cd85e03d1dac92d8113cfba9295e5760d673370c77f50c9f2756bca2
2016,806,2,166,166,102,20423,,a394934923a5db2c7b6031f6e82db85da88aabc249df6ffb0a5fa5f7f3547d2a
2017,803,2,399,399,215,23279,,95b344e4b5465bf0c7b9282d2add8dd72e32927e2347ac7284893828df6c7dc4
2018,804,2,302,302,150,19500,,ea16d435cc810a0a6de9fa6545d454c38926c08a42c8bac6cfa192f4a154f903
2019,764,2,210,210,111,16551,,2ba08c98d31f07b7bce9742498ac24789eb7038b405357de4eb304e39bc1f18c
2020,765,2,156,156,82,9683,,2864c87cf183d48856783f033a6e84749271165b3fe0fe1677d525ee7cb3c22d
2021,766,2,162,161,101,14093,,99cd2696d1da74a9e4f32be1ca7ec4c3ec8d38f7537405eef3c0657d6eebd490
2022,727,2,99,99,50,30157,,f30e563365b297745d385db9ca784ced592a94c9f4f513f64b6f09fa922ecf04
2023,813,2,133,133,66,24501,,e7185d8168d02006cf97ffa5ffb93280ed5a815de6adffa9d37eb114999c835a
2024,814,2,189,189,93,26286,,c12ba2b5689eb0003d49aed2606a1e79c3fbef6b9177f2fd5f1b652e71b3c7bd
2025,792,2,231,231,115,22240,,97041a2bb29bab30ecad6bc9bd8876e79a27471d2c29bf7022d6239dd7233021
2026,724,2,497,497,235,37562,,4359275c03f5f358cbbc96706e1ec5f561cec73cf4d9a5a53fdb5b044f965ad6
2028,701,2,267,267,128,18853,,a48871f7bd7274ee896d142b5e0d2e31aebe34d18dceb1d66ff6e2c414291323
2029,704,2,183,183,89,18681,,ff79d71a462113bd5f8c620bf5ca539c02a0b646553a4e46e80380c818a25f3f
2030,822,2,80,80,40,22210,,5472d7615886ff0fc0653bf244a7baf82a607cb0b313f2ccc5499a2e5415c90a
2031,824,2,107,107,54,29217,,b933fe0b92958ec0a374a75c3e911369bd3093434eb8898c2121ddc561221318
2034,753,2,438,438,215,34717,,6ea78a46fbf0a0b6ced4036f2da53135f7f46a98b9d5e16125994d84f0dfe970
2036,755,2,259,259,130,35869,,2aa045dd36ac0c2c10f517657a974535800fa957d3888d5e5bb221584d1381ee
2037,750,2,101,101,51,17603,,c036300fd5e9ace0f98c6f8591695a47146f4f3adb52f1b0d881afcd3559ff70
2038,771,2,363,363,177,22586,,6e398d1b97c7be2ac248459786561119a1de19a8493758affd2d7125c39116f4
2039,776,2,533,533,259,36185,,8a20e7b26a1f4febb04e9837bca2510579d1ccc7253bb3158ad41df70f30c582
2040,770,2,220,220,110,28135,,3d029994a74de1f01ef9b3e1b90080f189882f317fb6d2dbc0040492e5941c0d
2041,742,2,302,302,151,27376,,089ae39bd162f55f8df3426702998640462eb29108ed36f12e2823c475b06a96
2042,721,2,198,198,98,28380,,42ce4ac3ecffe58fdc13a68b2bc0604f16d636dd5fb2cf2b62ca7ebc01c18306
2044,706,2,304,304,158,21254,,db5424fa66147fe1e07f76796311b423cbd4c9db19ce6d21c0a06e1a54ceed55
2045,707,2,190,190,94,21297,,c67e0ca52b6080921e872bb981785bbf48c6732d89cb6cf8a85979d9dc99bf16
2046,821,2,311,311,153,27847,,8a88bb14a394cac1b625be0f0ac040f6087db6a23a817eca257633352a19e011
2047,826,2,215,215,106,31083,,7b50a426e0bd1f0db545fb991ee674ac2f0035de2819d3362892ef0886071d24
2048,823,2,194,194,111,18090,,2760dcf44958cdfd5980ae67b11533b6d423d0a40c6d9622e3bca6ef98144a2f
2049,772,2,346,346,167,28008,,f049386c9a5f15a31fb3811a137c1fefb843f2d7041626776c0545e434ad446d
2050,782,2,204,204,118,18492,,cccd9747dc2a2ea7a8d85cdf87a336a3942837907cf7c644f754b16389a51fe7
2051,779,2,281,281,133,15674,,18fad49ea523f4840a26f7c8cb4cefdaa6085fcbd698fd6e32ca42673944a90b
2052,774,2,295,295,160,15300,,761a2ed3fc25c8324d33aed6b7b9105f377fbd5afa572c0de59bbc243f6f6915
2053,748,2,404,404,195,30177,,2b84497f7ece63bf396c7dc075945ac30e84fcab52c285dace80097b9c3057de
2054,746,2,299,299,170,23736,,043509caa8b4609fb7acabe5f8d2cc45429666300c8e0c6f6e6057d198a013a6
2055,747,2,336,336,166,30017,,a0d23226f7ad31cfbbda10ba1fb129348a3602160873a5fbf29e8d33a6e4acc6
2056,699,2,445,445,222,19168,,43d17c65b51d23902716b6fc065ecb5acaf36a1dffbbbbc05dc8b89fa52742f4
2057,807,2,398,398,205,22871,,3cb7f93caf025b48ac2ab26a92d624668247e7f777abb2fefa808593762312cc
2058,700,2,771,771,322,29798,,15332348b55cc1b380cd069427f99e836f3c7ff1cb36e0eb6f104d72efbcb5c3
2059,812,2,118,118,58,19320,,8c01e67614ba24ad66e8c98c6486680da59ca226cce36b4f635215dc6c9b07d2
2061,817,2,197,197,101,14661,,b121cab7d12d8214fc05101c4147825751e728d456c7b027cb9e6dcfe0655454
2062,818,2,304,304,151,26031,,14f484829e78dd8029c97d7c21ccb2487b6577828e08b9a00b1ad2d8054e24a3
2063,819,2,623,623,310,25026,,33b6b7866a758ff1ae35ffd82e044dea1c18d085fd901b8dad34a3c1a82e34b0
2065,825,2,206,206,1,16345,,286ae4f9f7d9d2d98573e6099f2e8e819b73a2bd89c489602a87e9665b007828
2066,810,2,329,329,167,25036,,3e85ed17437f6087b3e8d9b4977357cda4b993e42360e446ea984eeb026a110d
2067,809,2,372,372,184,17168,,1b510b42d11c42963ed0f05f9cc03021539a72eae5a271b4e41905bf0fc14210
2068,698,2,195,195,98,32057,,575742428dbe3793a9891ccddb9d73f13b43aae8cf1a9a9a94534e8449617f10
2069,811,2,302,302,144,27242,,4c3066de87858a4ec2c35eee7d30d41b30e28c03af9ce32e23ff2d65d3f40bc5
2070,742,2,872,872,386,36119,,5453c63f036b76c72c45d0554e780486ec19ddcd30eb0dd37f97d14473f4254a
2071,752,2,85,85,43,15912,,8f7688ad1ada1aa4fdc4a7755eed51b73cf34fa18ea5a3bc5136ad69e1ccf3a9
2072,744,2,272,272,127,36447,,93e16d7e9ceeda828689be5e116e55d5c4d483370f2c93c4286ceed53cdddaa8
2075,729,2,627,627,357,39550,,818a231c4d67724f551b5fa791db267f6994a328f0413e8880c729d13bb6ba9f
2076,788,2,112,112,56,21909,,dff509cc18bd3a3311099007e5ea9635bdc0389e0f454ae3b01e1944e2a8cce6
2077,784,2,710,710,337,40735,,45416d4d6712dc04d41a1f18593334a77fdd61c50a3db7eb428007501370ac9d
2078,785,2,317,317,181,36070,,f0b8cc6b114771c857d9b32b006b6fbde52d84791da2a88d1033fef4fb8f8c1c
2079,722,2,45,45,23,17475,,16f8324414beba5b82392e1daeffc9389b0c0fbcec18dec8722852fcd2ac0ac7
2081,783,2,361,361,179,27201,,d51983e26d84afb1b45dad697232dccc8fb61bd6a97ecad130b02ae65c6eb22c
2082,781,2,115,115,58,17714,,6b294f8d6e10e82931a141da5b9832df8bb0068312aabe6adba83183a786f7e3
2083,708,2,399,399,195,16153,,6641e24e75414c226d350305b969ef23b3a7b578d8d151a6462ade3f3612a9f1
2084,703,2,328,328,198,20165,,680f542297c337cf2a7396dd883931a975cbc94cee4599cb0a7c661fc5a3751d
2085,701,2,206,206,114,19272,,12f5691dd5e1f9166a41a52befade66afbda0b9eb8268364b301cd58541f9036
2086,772,2,290,290,155,31408,,a1b38ae7373169493cd33199db2c9e7a1f866cfd8b81a5f9ed602715a3ac8116
2087,820,2,277,277,154,26125,,77474c3d857d4b96b219a70c7ca8693b6cfeb030b9848d5e67205f609c1955ee
2088,783,2,205,205,102,18861,,b5a47a7399e74de2900564b849d1f3ac704a50c1bfb8e5f07627fe79d27bfa6a
2089,735,2,423,423,229,22014,,280b905bf2e8a5389c1320f0961bd42a9e9b439fe0a393e751c1ab85c48ff72f
2090,736,2,170,170,85,25047,,dad0529b610dbb99be7f59139d101f6cd9b5f42eecad1fb0d0c9ef67044e8eac
2091,737,2,258,258,129,25599,,828e47d4da507f84f648a98fd4e2b6469a82db6503a045d11e06effd92cd1198
2092,740,2,441,441,218,34462,,cb73d1e52348a9917548720eb186a55fa61e4cb454f14c300f3293114be4fc6e
2093,734,2,407,407,203,27174,,bece981907af65fa9e7c77f88f3f7935ed8bc776f1f07f72a6072f2a1ffbddf2
2094,741,2,250,250,133,21493,,e62e372cb410b191c1bf0bc112c92e824e8baa474b1adc3e6eda11f565eb9198
2095,757,2,297,297,155,22918,,610a0f570acf6afdd5179eb95dc51c3e3515cc59c35982db04e94823203b5a41
2096,749,2,263,263,143,21078,,9f911dd5a9d48a814547f2ed64a8b454528f1473adfe42fe1149c4f5885d3c06
2098,754,2,527,527,263,32967,,5af1fe52fc1da9a68e3b9cfe28cb74a1134626190f3c06cd36a1332301ec8fdb
2099,779,2,377,377,183,25313,,43c71de36317da9ad64d255f3c96789f90d7f4a8cdd633f431e6e313a608aa01
2100,730,2,538,538,260,30497,,93e10d077f4a7c0f24e8be74f0d92a6ab6ef81e80c56f7647f5c21119896d2a5
2101,771,2,342,342,182,19606,,b8a643813ddf012a465679f9ae44267142c6b69f26fa0b53bd0f3538fdeae1b4
2102,782,2,174,174,101,27638,,fada7fa140176b8ed76a63554fa7cf5bab4a90e33d12751c02e0168828f5255d
2103,440,2,249,249,134,36080,,42032f1f972c428717755925b560a523f65fff6113a1c800e5e302c84114c3ce
2105,433,2,526,526,275,44875,,615d6ed264fab68484dba6032789d09184b4a83206a50281a0a7e68b3ddb2971
2107,438,2,330,330,177,29942,,3834869a0ece23c9b999185f82a94e494bf76f3d38c95b67640f90bf327109d5
2108,434,2,431,431,214,47586,,0eea27f440b0a113cf0614149dcfbc59c3eab2892c56cf62b140b9b2a382ed2a
2109,439,2,313,313,157,42858,,88bc2fc0c31e6db851f8cd0752cb9d78f528bd4af2cb14097a40804d3e148e59
2110,776,2,662,662,321,40726,,391de1e978f25915e0957a2257446aaa5ffc6f9899f584eb086cd4afc97aab66
2111,780,2,344,344,191,30811,,b0a1248bc7d5d277c9234b0be676d85c8ea61fccf74d24def24285346446b05c
2112,815,2,553,553,253,25193,,b92a26dd2e4a4a70b0d96049b963a9264ff57ff220aabe714b1e5826b655160f
2113,792,2,241,241,120,23902,,db1f8e8fdb02e0ebfe7c6dba75b1e86c73912d57500578ce5cd9accbac65f8f4
2114,791,2,304,304,151,19238,,464613bd24e8c239db4b0f76272de577502226ce58043bc23d5aa36436dc9d4b
2115,781,2,180,180,89,28246,,67eecb641363fe90ee190b0cabd781702faf317d28db06de3bd7e445a488d024
2116,765,2,259,259,132,12959,,1e1743b1c4e4aa81d4d45fce48547458b5ce1935ffe85b9be692f1e3fbac3172
2117,423,2,192,192,96,23315,,97470c4ec3a3a540780bd24a3b609f46922bba03d575b074dd07f5871b1ae21d
2118,456,2,177,177,89,19929,,13937d09fa77c0f091cb95937f6dd16ad21c5648cde35c0ee8c61c850394a3dd
2119,706,2,323,323,143,27533,,aef76b9a6a3ad0eb81846147e879c181aa0994a84c9f3a7a05b024459f719357
2120,703,2,215,215,107,23705,,84b661cebe477f8ff02d21f3c4ca1648aadca30dd6c5380394cd906e308f7f12
2121,704,2,184,184,91,23461,,8790e811dd217fb526869c32ef4208228c8d57d86b8bd3b016cd84631ef6a9ba
2123,426,2,409,409,210,31574,,991d0ed9fd1c800df321c4554dde920ed60855d7bfd3069bc25d14a46e97a7fa
2124,425,2,281,281,140,18801,,e9462a8dec3019a122340bd1aa389fafcfcad7568caed1af713c0b5c86ebd833
2125,428,2,147,147,74,23662,,d0a8d6868f6d01ff3c081b08aec06ae653177e6b34f1fdd8358b21c86c48b666
2126,403,2,240,240,120,17029,,139ab831c4fe334f82b2f19a083c0df8774863c350478e27567a3df8aec7ed03
2128,427,2,356,356,181,25084,,9711ea5e626045c63f0ab616beb5ac8cac4424ace0cf555f42fc6b64005f66c5
2129,424,2,275,275,129,26871,,3a3b1a50f28e176ea1ac2657c4c4af331401c95c50843f2a34c66901c1c4be47
2130,699,2,173,173,87,15977,,f38a894b3955fdb62e8fa56bfb02b2da7d88d388f627a8a3510759964bb0ceb9
2131,808,2,712,712,364,27495,,ad7aa9f44fd63d903fe7984508b7464185d45505bdb6effa8088fbf0ad808187
2132,809,2,374,374,190,15909,,73fe92990fa205d59ecd38b01a8a454d035f7f2d3b83821e628a08fa85306407
2133,811,2,591,591,298,32103,,c56a532d7c26789030c6ed81719f76e712ba59c38e9d661cef9aff9c6d922a48
2134,764,2,353,353,175,21602,,332349b9aee7bffab537551b47bbc8e26e4a1b834996289439617782c50cf2e3
2135,724,2,102,102,47,9974,,cf2db309c9e26e4527cb3e8d7527c80f368b17d58d8f10ca1ce56c6099381c30
2136,730,2,287,287,160,23419,,8687e1e04490bea31671b553c44e54638bdcadf1f61cb1926f6724167352be9d
2137,723,2,370,370,181,25806,,cfecb458ec9e09486a96064703a68bb9ecd99f671f97dec8cce294128c5c70fd
2139,774,2,212,212,102,11384,,aa50df0924f64a958cef09dc6e9f531a68a18a5b9b6e1260ab954324e9ea4f6c
2140,805,2,215,215,96,30132,,cb1576776ee82b1c84d55c9b01642946ac92f447ce4c636ef946282268373b54
2141,826,2,516,516,275,34747,,e6dc6297a10d40f72369146988e04238045144e1838a2f7fc818b22cd87b9186
2142,797,2,184,184,92,17537,,6a53391de6aafa57c251a692894b00f8dda9dc6e5e6ade43df134367e59b5e19
2143,795,2,147,147,97,15246,,e158ecb5c0bf365175e0b53b50b25df7d413b4aabe661d2a9d154b3a51020eab
2144,798,2,131,131,89,24831,,a492c85713e9ebb2655cba7be6537a56a326d63f5ff68126f72e227dceeaeac0
2145,796,2,398,398,217,24246,,d241806e5572592e4bab2c8011875cb123a0b982f172cc4de3d8e26fe6c8903f
2146,738,2,333,333,157,25130,,733979aea6ee72664a813bee5a0743cc4a241f947fa144a4cb9d90a882ceff69
2147,739,2,50,50,25,20131,,a02a1ba4a648dac3403e8802053ca3b5ef44c95b95e756a5780a0dfb517ec54f
2148,545,2,259,259,138,26725,,aa530fd858ed63adbc3db22ecc5ebf70efb5a2c9de3fe4cfd37c4dff943d3603
2149,544,2,213,213,125,18974,,79b4007b36f9097593b3285ddae0219e70b37b284523b08670be13648e923a4a
2150,408,2,581,581,303,30556,,a59a0837c86eabcbf55d0b94806c10c10911d31bcd9b034893aad14fa80a0e1d
2151,405,2,229,229,132,24126,,8d7ae2a3a33699f7476d6ac82201ca9477c5151fcb8107be0d0d441763e98a32
2152,437,2,286,286,145,40667,,6121b738ffc8498d979e1f8e4394773eaf0fe111f77e071dc4aae3283d5184af
2153,436,2,333,333,174,27184,,b60be3c376a97c1d02781f2628e49996bb73879622add304b0f3c48cf4dd8a04
2154,454,2,448,448,282,26838,,09111e85e547b4d34706cdb182630af8a301c63fb949fca9a43110c0cfe0261e
2155,409,2,177,177,88,25317,,b77d54ec141cb0dd6e66a3de231863b1c69fcfe1dc2386d4964763e2ae98252e
2156,770,2,183,183,101,16448,,0efca8e7c50d15bb6c122deeb912259f636180643060603c9e8eb9c19e88e5b2
2157,799,2,225,225,111,24335,,9a06a8a2b73309605dc2e750487b240124c304d1859fa37fba40e1fd08046a74
2158,804,2,255,255,123,19190,,7f0ffbbbcc4ba36e9c393db94e5e31ea76b0b1bb3d1860b62f781c3550528ba0
2160,822,2,333,333,165,32462,,e276ee7c9a190a3fd8f65acfd05580b59a98c243ea2af4fadbb05eb3908574e5
2161,825,2,200,200,106,18421,,c6f9a4cb0c83428d2b3aa233bfa957daa2cf18d32738d4c3f9a69f8fb3ed4bca
2162,753,2,169,169,85,21537,,e9ae1f8b4837337bf4164775290af345d4d6876a964e6e13dc64412e784f3680
2164,747,2,162,162,89,22058,,0ad33d964bfa0b0a043cd94a36b0d6959e630aae719a4cdd70fd374ad12b1241
2165,755,2,233,233,117,32496,,bb9cb37895e8b4e79b616f76975eb10dec01d12e8c4740972bb7c14bdfe6ddd5
2166,806,2,104,104,52,21139,,3e9fc34e00b6edfcefe3fc1ad0d3a3b62dcbddc7baf5caede181557b4a7d92f2
2167,432,2,124,124,67,19642,,26d478267c628b4f30aa7e16a83884f2c19827bc10d325c7cc4fe103100a48eb
2168,506,2,201,201,98,24742,,90d3a50e66c4ff51a32bf1cde9765ad12818e5e739935a44839b180cf3327cfa
2169,817,2,424,424,203,19598,,b8b8e8df303f76f7acd33cc55292c8e050778612b66d9ca7315c6844d46f5138
2170,447,2,364,364,174,29262,,250869c3ad0972a9b45ba506e6bdeae21db1719f9f932709fcd43ee70d9e3132
2172,446,2,255,255,126,26276,,fb1ba5a659e18d91e7af29caa11adc8e668dcd3fff8cd9fcb07df13bf61058d6
2173,442,2,447,447,222,30174,,80891c6767851e417f59d05eacd058b62cad43b8a86ab1ddda083707718b85f3
2174,819,2,389,389,187,38842,,9c2079e6f7e40662a19ec5fa35343b273d5ce357e02ae4059ed55f48bc83939e
2176,420,2,201,201,97,14302,,1011da838b583d35cb24ccb30303bb5f5be884e0a2ef391f5cc33814864a2dde
2177,430,2,187,187,94,16641,,21d158006c7da5bc144f8019fac8e3cebdd53b443a7e3947e5a4b507ca83d41e
2178,422,2,216,216,107,17274,,04cbe385ea10819e141f529bd9f4de73528847802776109384171eda274dad95
2179,419,2,464,464,264,28052,,bb095592ba3aa2b3c3ed175e8495751513faf84100bbb77ab8616b7c60c17673
2180,418,2,207,207,100,27026,,7ee4a0e3a818f781cf815874b73863e9fb2a3d6fa8a6124d141f19b912e8a51b
2185,784,2,485,485,224,25631,,7e154aebd1e73ffa086d275ff4359dab5bd5bd5663787e7b211a2da50ca3ea6c
2187,789,2,107,107,53,21314,,5b7f357c553597274113b12099d5ab6c7114f06d8c9e7a6099240678faa50121
2188,416,2,502,502,223,32407,,be905003847e01e32c239dd2107cb927d0fdb662ad74279ae732381fadf18e97
2189,417,2,322,322,160,31949,,22b4f8ea3150e82c125e1b3de718f844d187e985576ebeadddbd2b9e709ae3b4
2190,421,2,353,352,173,19695,,a68f1570ca6eef750dd134026f41d00529ca803da42dd4c058b0c4f6a56fc0e2
2191,314,2,275,275,146,25707,,8becfec02dc33a369a2a38e11caec31b33d5da848798a9eab1bd9282bb1d64fb
2192,374,2,508,508,253,40540,,a549f82488c833d59578d7e7474c39cd9381d8dc096414618e4b026321c0f7b5
2193,313,2,276,276,137,25323,,201da33338974c94b4a84f4f569aa8419faf14216ddc2d4bb18ee6138ada9f15
2194,316,2,398,398,228,38792,,a6a4ba57791b1088ded89f8014ee16e98d16bfaa9a1f452deab0faf6fc204092
2195,363,2,129,129,84,12510,,092a5e39f053912af5361a9b7f57e9f491a3e4896ae8ca10ed48fb322bc0d1eb
2196,367,2,380,380,193,30110,,6567a4d631fe34e4d3d9bd5147a8f0a0dc6584a49885a96f99c7c2ce521f67f8
2197,315,2,311,311,165,23837,,ac62c2b18e269047f6983256882cddc2f81c98be79934b3e5655e90d74146df8
2198,329,2,181,181,113,20363,,aeff3072e7022cb52c302cc16a25617a9869d3d2a124fafc34f8f6966105f09c
2199,325,2,284,284,141,26606,,9b8e558feac691e496814e35178f52959a50465ecb59265d19365a8b4915e657
2200,373,2,236,236,140,13196,,097f4c87ee5517d20eb33b4784eea4789de7e8a54e797601fbdc26c3126be0c9
2201,376,2,380,380,180,29208,,9fa0d2167a3b14757dc697f8328c04ea0ec4e1447487b404ec4242aebd0c5eab
2202,328,2,242,242,126,27816,,93ee1098881cd0e51922c645b7ab67598b95dbd421362f28f0a9f43ccb96067a
2203,326,2,416,416,217,30979,,deabc44deef341d2fc6b04ffac419cee92591d2146a9e722a13cff172631c01f
2204,309,2,353,353,172,40761,,bc4c2a1e7df33f2a31b057763e62289f8f3056c0d85c4987021985e4b712ec0e
2205,307,2,515,515,257,36833,,ae4dcc21a82bd34ea41dee7ddb9b3193ae627a99226b87dd5f9d8d50a8813cda
2207,727,2,336,336,183,31753,,844d614919e9d683e3d3d6aa2cae62eb2c68bca3c9c0061b267ffcffa8559326
2208,725,2,529,529,245,23953,,2252048b76c82b64ae3508839637b2d635851341242205362ab73983943d4391
2215,818,2,463,463,250,27564,,b99be53a06184165c89ce045c2c0c773da6ad058ddb100bdb2b950cb3aaed304
2216,823,2,301,301,163,20168,,937fc9d7c63b3610401bebf3b2ced2fd15d7bba957a429322f528e3bc79c6b11
2217,802,2,401,401,194,19248,,00ba817e1af0903a12f3e6d8b915562e20c97a01207281d897bb75f46cd49e73
2218,824,2,509,508,253,39523,,f3afce143d7cacc64c9156520ce1223dadc68112db670e65be8ac2b374e4be9e
2219,821,2,353,353,164,24751,,75f3ffcc8c85c63f62bcffe7fa1dc105ac8ff0e3f1a032dde7e417064098e383
2220,760,2,331,331,164,27969,,2c0bded875680d8785e0fa476cce8d4cbfe4a9a2584d073e9a16fec4dab997fb
2221,761,2,360,360,179,33595,,ad9c81694f8e47de928a84077edcc66b7d941462360b5b93296d46a57c53e74c
2222,746,2,177,177,88,17844,,5bdde9cad2b4adccf2dfc39be52b3bdb62ed68460ccdedd51d24aea348b158f3
2223,752,2,308,308,153,34911,,d1b1c59d2e16e0242e2c7b7cd95f284554dfd08075a74743463548c4887fc661
2224,783,2,357,357,194,39992,,6f009fe0c3619e862c86a4db3345c56b2f94274a6c542ebf23765b5344b2fb01
2231,810,2,302,302,151,18778,,5e8dbe3475c3ec8a6679e63b7d69a069958f48ee2b42c061ca574b211dcad475
2232,698,2,458,458,241,30839,,2b67aabe86e1ee87ebb245a6c9ccd95791299f832baa813abc99291466ff8468
2233,812,2,203,203,101,20707,,9821edfb8fdebcebb574e96d552fc9ad104e029a0ff47f970425fc204c12c041
2234,700,2,90,90,45,20046,,e8a2d2a3eb68033b7dbec0acfbf6a12b30d4d9885552da75e06d952d006c09c3
2235,708,2,390,390,192,19975,,f57db68ad26ef4b7102889a7657e400e6adece0c78b0d81ea0d5a651c29ab4cd
2236,707,2,429,429,235,29358,,8d581d17360c0d659a0ef249ee5ed588412d645d2b6822b5502d32281458ee73
2237,816,2,170,170,84,29930,,28c4d95346471f156b8513d752fa330394dd50fea73a0f2d20202ee18c188972
2239,814,2,404,404,214,30700,,834832b4b93c69ee29bccceb0b459ee989c8d567d302362785ba8b8d53078272
2252,375,2,371,371,179,19052,,6b1433e03d49f4a8f142666b3b199c7cfc31466ddc48e84f72551c8869bd8010
2253,303,2,157,157,94,20334,,5f6338a11a1ef8ef4c5aec8ba3b95607518ab065a6a789d65c494f04ea3574f2
2254,366,2,180,180,104,20460,,fae630572d119f6678136f22bd4d5aec9abb7e6ba846f92f572efad382907dad
2255,362,2,921,921,474,33608,,95697675de74e406c9c6e6d10c6d7bdabc9b9611c076830ee79d3e7b5e6a4e6e
2256,448,2,373,373,209,28806,,5e8ebbb88949738b9bfb4c2218d78a82461b7f7f11cc58b691dd161fdb2fff60
2260,453,2,360,360,200,31100,,08fd4f5af246be2e1620ac0d58e8bad28e0a53d4c9b8667d92a4bb8eaa66bafd
2261,415,2,133,133,67,16589,,996a5b3afd0b21e82c9f252c4a6db0fac895dc55d20b370c24debad00591b04f
2262,449,2,225,225,113,30083,,e77c3806e3dbb0fc1cf34b1017935ce6ad88c37073af7e7d5ca8d19dab95d18e
2263,451,2,205,205,103,17956,,1f20f0c5e77ab4a592fbc55a14df532b82bb8b463c4af3370a6645bbffe0873f
2264,411,2,109,109,55,23666,,c818d529d33771f2ac0cb252eaf2897184ca7a2066ebc7e02da6a3f01b80db27
2265,404,2,325,325,165,29218,,7a55c5b7c166f0536987f4471760e8106644ea0eb429dc25bebaa3a88bdc144d
2266,458,2,465,465,231,45056,,86d0b7e13be20c0a53eaf240eba9bd43a5c3a66c00035835b1021320bc00ecb4
2267,401,2,286,286,169,25791,,9f7b4710aa5bdf21fabd925ce5927f4e57d45dd59a9c7499522e6c230b08a0dd
2268,450,2,341,341,188,24232,,7d4e247ea8fbd066bb754a73e75968ddbe03164d152b32a95b6306960f04fef2
2269,413,2,401,401,219,28211,,9ffec7533d7cb61562d2880980fee42754dd88c6565406dd04aac1f7e1f7fe70
2270,452,2,686,686,329,28849,,c5f2abe2c796f9f22fcce3116ed9ca4a15e2c3cd834981f765c2911edb1a1f7b
2271,731,2,361,361,174,25315,,6350a75c5ed331c8c436660fb19a6138c3a4f1bedc518a296845e3488f6d6b91
2272,721,2,373,373,168,27889,,a041c8be91406c32f80fab11b3c02259b031673c0134dba62a1a109452c08142
2273,803,2,227,227,113,16960,,67bc9d733445f1c1b6417b210c6d0cccff2f66b75aa55144e67294a6a496ce16
2274,802,2,219,219,109,16262,,4fb6067d69d4f4810f7bd302cebacc6bc5d0e2be426f3a5a8c150056229b9aa3
2275,750,2,106,106,77,13379,,6f0c0cbf04c7ece2c00a4eba7c3b7bdc81afc7049de4b58e09dfe2c7b5ca07f8
2276,760,2,119,119,59,19591,,1d94b1b9a0e22bdf5f5f529165ea10138f1ced4ed4814ba1007a00d564d614ac
2277,744,2,329,329,168,37122,,532cf5c369d1547a00db9349e5570acb2316e2cfd2726bc4cd8b3f7d6cb7d269
2278,742,2,498,497,234,38409,,a814e17ce9ef10e59c88bfc9a3cac87fe2627c0c87cfb52ee37580e201cba197
2287,565,2,241,241,121,25481,,2743a547937d7195be338c531b0e456da50feba4100bf5886bd6308f1d3362c1
2288,566,2,376,376,183,27143,,85a22be89c1d3cc0d66dd9e9bc31a35b78eefcfe9b0504e084a8a1f50d2f1e9b
2289,569,2,328,328,186,17638,,aac524d98fa1f3daab96d1c0dd3753c083508d0f6e5ef7d4ebf6e200cd42d880
2290,567,2,208,208,96,23826,,b69bba52a8dec1852a889c8ff6ea321cf85a383bf2bb5976afe0d43d1a535ca8
2295,356,2,327,327,162,35507,,de996bd457dfc72a4f69e9334d30f362d8acbb04211c7f4539c604b7562642c0
2296,368,2,495,495,242,36311,,2362d3df9ec99e0f3437f35f0e4bbc8c50d5f0333b3f75cf95f1d02e34404f24
2297,360,2,373,373,239,10800,,497834ff22e4c47628abfabb27998acf591640acc4f845e9d882dca6bdf8772b
2298,361,2,460,460,223,44472,,81c335fa636170bd6a9297192b21905951130293afae75fcfa958c8eeabfd13f
2299,369,2,553,553,260,44657,,d797b123c6ad1de62db5152d38332f4417964649a74d3cce6055636a27946385
2300,357,2,225,225,111,31315,,79f9a01a94cd5e5ed628e4c4b0d7d071aefb239346ac9c9a48ec4a993fe05f14
2301,406,2,304,304,151,32143,,95e31294525428743d790edc51112cd11135f49bbef58641a94a2e996810d636
2304,457,2,763,763,354,35874,,d0d3ba0defdaa78adf657450abf89785ca94b36a71d7ffd582e67657d16b5cac
2354,799,2,187,187,93,23241,,a387ff0b15ece4bc2e1ce468d8fae3419e8bff738f055dd6a287e39ca7d38319
2356,355,2,117,117,59,11954,,d532736427afdd5b980f0d1c1a2ba273dbc6621a2759850c84ee667d44ed4d65
2357,305,2,287,287,159,23925,,cec5974eeab4feed4fa28726b070fdc83ac926e0dbc765f505c6f59d4cefe464
2358,304,2,348,348,181,28179,,11577bff715e62a7a3f60d38dba04d0eb4f32cd18c54b2638984872212808469
2359,506,2,309,309,155,33475,,0ad403d0a918b348ec4e341e9861b18af36a4c5fdb8bebcb09f6aa10a518d1d3
2360,505,2,358,358,176,26263,,41ce40e62a87f1b11434c75d52ab0806a75981cdf74fddaab29c971a6468438c
2361,811,2,1223,1223,496,44239,,269e6e55d23d6946991d3d34dcad6d837af87dbd7a821f85c0fea3e0a90ee67b
2362,807,2,739,739,326,31434,,7f2dc14e55e8500030be084026f320fd93d21d5d224106f5075f155aa339e2d3
2369,729,2,241,241,121,21789,,27d0c37ca647cd69e3710249f032597d6aad3c9246fda2defee6d4f878283d52
2370,351,2,478,478,234,38662,,1feb77ae55ca933b39d15b13f71dab75a35179a967980bf53559b4ec96153e1f
2372,349,2,183,183,92,20742,,d6245e690be039be8f1f07e3d90346206ba1fbd34e208fe40f74d9c232ea6186
2374,371,2,531,531,252,37757,,97aa35de33282230eeb2495aa25ec935a966d6ee76f7a4a41d63b6ce743b0cfb
2376,353,2,218,218,106,16185,,497a61387401168931c85a9a5abcabec4a5a65f07dc0b283f5650ebbca6ea590
2379,749,2,115,115,89,20412,,3d42ffbe13d2231cb0ed33e438d50261ca3f10f06d06161f45524917028b64af
2380,748,2,156,156,80,23301,,e422cb2b055d32470696dc78dc05963caf502aa16fedd9ba7a9c8c916dc870a7
2381,759,2,528,528,249,36791,,09ee34edfc6ac9d8d2f98884a6cb5086eb4eda82ebc9bda41588889a61497946
2386,318,2,248,248,120,23396,,38512656f557784f847fe6aafcabac9e579115fb704aea0cb6e977227cae874f
2389,338,2,604,604,292,31990,,96973c8676da712260b13ec7ce9f4b6cc8511d180df15bf4497db8c0e05b6339
2390,337,2,251,251,127,25087,,dcebae21098e382f41dcc51d3dcaf6e0cedf21bad31f686cabb2448127b50c78
2393,344,2,579,579,297,48203,,090516948060665b63f09a98e3d882f0b61172ca6e2cd16bd8635e3ebae64832
2395,372,2,495,495,245,36597,,0342270f05dfc12bcc19ec043c54d740cabec58aa7d6c387ac494309105a160f
2396,370,2,527,527,276,32410,,fa75f480fba5a3fd5753cfccbec7cdc6b33bc497b20b65f2938dd7fbd6255de6
2397,345,2,477,477,229,30558,,90b72d8f63113e5dd3be3edbb1409f1e3c5aac7920c87d4205802b5638c5576d
2398,332,2,187,187,94,23701,,af854b0cbd5c86a64b465bb5da1a88b9d0f87aa21188591cc0d8e2656da4ed65
2400,443,2,851,851,363,31328,,5f7c6a6096484e7364fda7cc48fb1db177821e7ea1384b6f36b87cb96c0c1b77
2401,354,2,351,351,178,27975,,bd97b61a84412041fc3ede8d053686808fd5222f9a3f88be741f536636a6002e
2402,447,2,503,503,195,28390,,186de1b379dcdeee9d3e8426c1375a01611771b904078baf14b4ad6383590b98
2404,444,2,756,756,360,80723,,7fd4796f449cbd95451809e443d2dd5c10c6f4fa7100a9abd0c407ffbdf0f338
2405,302,2,416,416,193,20275,,44a6398327edd56f5ed000a31980954a1d4e2cdd9869b3ea46a1d5ae4aa6afd6
2406,334,2,260,260,141,15612,,4abaa93fa0b9ba5dad1147127dd7d3179060af27a071cb1b2e0bd6b8b86f51ef
2408,561,2,350,350,150,22329,,25349e520f31a31f602d5cdb8c4197202542ad3bb2280444ce30da696604df64
2423,363,2,123,123,64,15643,,6ca6162ab4175ecb2611cdfd9543c1f85b25e16a30102acd76701a27afc0fcd0
2424,367,2,682,682,310,30631,,0d36f9613b14b3c0fdf0a94bf22f0974a8181c77dbb10162abe63234c372af98
2430,561,2,453,453,181,17760,,76bef4a7b5044b1acf162df4df8831ca63b7ce7bbcaf57a5f71aebb27a0f0c31
2437,518,2,131,131,66,18098,,5a7f2be3f9dac8c8d4dd6ecf1fd431ed57f44887b5fb30333c6e9ca3ae9cc084
2438,516,2,500,500,234,30756,,5db6e99bf1bd6db82f3c533a4e132c97eb1a75005a4b2533b724c103f29063d6
2439,736,2,168,168,83,29175,,fece3487c4b31dee293a538daa27436cc2342edaa6aad32c3ceee3f49750dba2
2440,737,2,338,338,141,29550,,d6772832e77ff2c746d2ffa33ee369c6ce69b27b000f40119b5df89afb3938df
2441,740,2,182,182,92,23254,,3919ac527a6758486670089ac6f83c48b8a6a468cbbe40d5364fcc095b0cf773
2442,735,2,184,184,92,22816,,e11eb280316a422502ccfff128a8e7232d74d9da1f80bcf5708d389c7be2da74
2444,734,2,481,481,239,27196,,65da04479f5a4ec751820a3a45369d2f76c2652b99b14d8aa27d15d3b7ef1a99
2445,741,2,158,158,80,19076,,1a611e26ce64487e381e9f584c0569edb8b7a70da915909096b2a7dc76fdcc4e
2446,732,2,792,792,333,31740,,d658f8163a0f2805b80888ea5a1d2b4c9a98f66ca6cfbd8493b566fe131b61c0
2447,738,2,110,110,54,11279,,5b0b5bd8302bed9e626032ca65c4ed2ac47d237165bc05dfe01d8fd17ceb0393
2448,820,2,283,283,138,24897,,c823641a6d2e4c6761610a96dcd1f7c73d6b376ebaf9b63220d8858915a10e2a
2449,796,2,344,344,171,24305,,650dc2faec8ead9d93e5b1dedffdf6c6b2941fc37fbf2c8f53c60372cd41d248
2450,798,2,97,97,47,31478,,df85c7a99eaf310533a0362decfb5fe05caf3f2b06dd56366cf9cdd0fdd6efc9
2451,795,2,189,189,95,23332,,2a4af1bb7f47854654a1b9744b6bf2560b914ac261a67f88a176f0a9d3ac3927
2452,770,2,353,353,168,30540,,58a0856dc325a18ec872c0ded887f28a5fd1a490e6ac393fc622ba6eb21bef90
2456,785,2,166,166,82,34837,,60322c46b43ed09cdeb79d7e4042ccd4639e90cc5e131e6d2325a13be253f626
2458,314,2,291,291,144,32367,,e76c98940537597555e827ca2502d302c69fcb215d43589d8281e1408da1e197
2459,374,2,446,446,242,37777,,cb6f0e918a486995263fe736ca5895f30d40b86514a3942a982eb2f3b2f4cfba
2460,315,2,268,268,126,13488,,b5a51e147da9fbb35ff843b462146751a5d2fb7642971dc4be4a546d4d684192
2461,313,2,163,163,81,24130,,fdb0fa1f684eb3e546d78e9311163ddf2c2e0e26e0e9d4f3f7a68aca202ad1d6
2463,824,2,588,588,268,40159,,80bddcc6ba17ae57f43da5eb8adbdc63fc133607361f95a84eb177030cfd0806
2464,826,2,621,621,290,41725,,9ec08994f25901de89a237edee0de4e02e7a56f983cc7316ae8ce61dc4e4c7d6
2465,822,2,116,116,57,27815,,fe4dad0255cc10e302eb69429218fae7a9a131ab05d63e746a0a8addcb8d9eae
2466,362,2,689,689,328,40799,,d23ea8b7579440426f7c46f3501fa0ee3d5ae9abdc8ec60a8d8fae0f715f17ea
2467,309,2,515,515,276,37261,,ebcb00916ac8686af82354df1e8ba43c8dfa7c4ab7a6e877c842d518b80405b7
2468,366,2,249,249,158,43694,,780c354e6fc45847d9cdc402fb22fb25d5043178e8df281f328c912de2c02dfe
2469,361,2,915,915,439,56342,,8d59f7ddfd068296e3e57f925fa306c8cef0870273e0f78177c1d6b1a54f5136
2470,307,2,428,428,211,35373,,b58bac9aec7c22603c5a6e3b09fdae0c4ab8d621386dea09434d93089e2e0e6e
2471,360,2,168,168,90,11269,,45a9c5df358085a5f52fdc0dd8e1c427fa6a0ef326618a8ba5e6b99a6a6a3868
2472,376,2,504,504,252,34717,,91c730757ede968a3a168a85bde42488959e539c4082d7efdd525b87db5363e5
2473,438,2,536,536,251,31850,,afbe2d5d479853f85fe0c1e92fd72f5214d2dff2727a82a82349b9b55477bed5
2474,445,2,702,702,336,34455,,2f4540d3b446edeae45a36a269f36b863518c3ae6e7020cb43abff61360b42da
2475,442,2,281,281,140,26968,,28d55dd20c3184aacd240107f5f3529be09d17205f6fb935ecd869d6bfda7ab7
2476,441,2,400,400,197,31527,,a78b00da3b06ec45b0074bb8a97b86997abdaaa4bc7fecfe1a5b42a768ba750e
2477,444,2,218,218,122,28609,,983325c38c625be4d5b0461e1bb727b9f02381e1a4d5ae4149495d7bc575d91a
2478,440,2,223,223,112,25538,,1bad5313032513376261338f90e72369cb4fc399af282f874a6d1b7c9e26d086
2482,357,2,622,622,291,38204,,7ef14dbdf143b3a2b78f379d8701f14315cff34dc76479b149843bc33c5fe391
2483,368,2,355,355,193,36386,,e49cf54c98e2b281e183e388f1174f13cb324d766c2d920fc2e41f8e04ac745a
2484,356,2,370,370,154,34654,,dda95b30ef5e33341878473699782ea2f8c29dd68ad66f30529f87caab846d25
2485,505,2,294,294,156,20377,,00aa8002cadcbfb90b18d7300c2a6b59c48f09f70f8ec9475e36698babfc1543
2486,545,2,171,171,85,20369,,7c08847e592707dbd3d9809382bfa71b790035710cc22dab13e43d4367d090d7
2487,568,2,89,89,44,11198,,2e18ad005f4d03fc6995c9207a79793ab6a28f5d3c13ac44fc2741afd09a6da2
2488,543,2,282,282,159,28803,,563846675f58884c0acd364d5961fb538f8caca57aaba3b57a96c8813a9790c9
2489,776,2,170,170,83,18736,,3aef968509ed41d73a8242ece8f38e7d5cfd8cfa7b47fc8649fee301f38c5735
2490,779,2,313,313,136,16949,,b3c72a863fe170dc989df48b5a0e3cb031026038c65748296766ea3a86f03d30
2491,781,2,252,252,149,26859,,610efb4656e5e977084feb66e60d2812da4a31e52fa74dc23d62455bcff4a839
2492,782,2,384,384,191,31451,,0aeeb3318f9b2d25e28752583cfd008580fd10f587aebf834f09f63617364f01
2493,761,2,245,245,135,38146,,30b9a3c9b61bc4e3d95920383d91b4cb5228a8b17d11980410fa78792dd88d6e
2494,754,2,414,414,207,22656,,620a3d8841508e6e2bf7a1c6a2e0fafcb92a901333c31e4013d9e4c63be34bbe
2495,757,2,224,224,114,27124,,7f1a2c319218d33d03144af3efd6b5558e1a96d781e23f850f17ac6aa8e335d4
2511,443,2,707,707,338,28867,,dcd85f6e4feb38868c3ca68d5c28cf01540ca908237b91ea0e77c336c66f0ce3
2512,430,2,328,328,173,23023,,21f662642831291af063fbfa0df3bebd0d7590774fbe7df7a3e61a412cc62954
2515,436,2,292,292,149,29443,,2fccffdafdeca5bc161b78c1147e752f7600806232beae5d114c5a5b24458a87
2516,427,2,276,276,140,25332,,85d48e0044a04837fd814d6c4dcf3735e90b2317c1306390b39299bfda6b93fb
2517,428,2,209,209,110,34712,,d52955ccb77712c155a4940188c757f1946fe84f7afe8c8d8c6b02057998331b
2518,454,2,597,597,302,30484,,bb452aa4cc1d12b2ad9a555053e1e843cfb2e10a3049e2a33e05cabe522fc5c6
2519,437,2,209,209,122,38922,,c20c53d7516f90a4efdee7820e14954205305ddd68787537db00aae7e2042ec5
2520,741,2,279,279,135,26060,,420783738e541651663b8700cb66bd49933e91cfa80ed304d0341a34d64662a0
2521,732,2,522,522,259,28341,,2ff3eca3ab2870067f6610252a44a8dfe4d2c88dbe17e10506daf505280636db
2522,738,2,310,310,146,24035,,4d5fa832b610af54b118c38bbd969e07af4994fcea3b94d7ca84e4e9cac5dc6b
2523,820,2,273,273,135,22415,,9b706486965a5c727bd8fc1ee53b48133db66ed86fd7cf8a8d57c125f67cf416
2524,736,2,271,271,150,27427,,f4c82c9dda51e57cde28c9651c47002710f504d725195093860280994e34c994
2525,737,2,356,356,163,28101,,c146ce77448e5df01f63c092fd32c254b1304e52098267a67c28d5da889a7d68
2526,740,2,334,334,183,27988,,5c22884885b22f2b69ad94802d1d64b2616362a8ca14642138264acd7175b405
2527,735,2,151,151,74,24080,,f7c4e3bf1a2257f189d6c8d01872beacd789487a5356208cc793529af311a1cc
2528,739,2,85,85,45,34714,,9cd215c88e406c7562094a9952a51f361aa6a9a64410f5cee54b6163f2552b70
2529,734,2,149,149,74,23591,,7a923685a726f4545d5aa0ef9ca921f2807b6ae19e0887b0298454704b8161e5
2530,316,2,583,583,284,42302,,04de3938408c130866a8ea6a918e00c785a950a2d85fed39c7eb40c627f998c4
2531,329,2,202,202,106,23278,,ce5e409482393b51ac6556e3cc10d2f0514bb37e2052d0692a0cdae200b8475b
2532,326,2,199,199,116,26664,,5af0b0e75f7327f29c5d51742e2be7327d9c469fedd6b19e0048440be048bc1e
2533,325,2,152,152,78,17346,,5f100a0d430b165fde85dd38e5b859dd36f3fef53249d7e21aaedb350283031f
2534,328,2,419,419,216,31895,,3810ad8c73f48953afaf108ef38ef6a71f5fd3c2ab2b3cb416de68565d384a0f
2535,373,2,132,132,68,9751,,6aca7410a91b3f7941370d6c3241819d9f043ab7518d658d17bcd5f81dac4b69
2540,799,2,154,154,76,23200,,22d22ded357333d53718b3754a49695312d1b95f34aa9c558979c412e4bdd98b
2541,818,2,571,571,256,28416,,070060fa79bba0133a05b970d1f6782b3f72aa51cdb0a951e4d56f789932f687
2543,817,2,213,213,103,20092,,2c273eb278953b0b3c16840f2bbc2c378dbbb5ff2d5526cb170f1662afb24601
2544,819,2,467,467,231,31044,,3a0edeef81955226a25cc692f71aa80f9584b43f3b6e825a4378213e2b04c644
2556,749,2,491,491,253,36606,,21734f7f72751f454eced52bd40fabd2838a7c489690ca3967756635b02eb529
2557,752,2,326,326,161,34620,,233a4a543dc699fa061d0394e09072ffeed9767385d964aa4c6cdbdc303fe2af
2558,750,2,238,238,122,25504,,81d8942745073c813f253762a9fd04bbe6f0c9cf450744a8a73a5d0e0f9cd2ed
2559,755,2,398,398,197,46393,,8569b84ce2adff175ceea5b233ec683aaa27a87609bb5e57e4429c17c166d74c
2561,337,2,215,215,107,26700,,57160e0379f02c42d2e0400120d574da68a016edb529142812706362b7dd9914
2563,370,2,405,405,201,32185,,5cae92f46321303a8ff60807a56ee0364e4d33733c3af340cce209d577b59454
2565,334,2,534,534,246,32007,,496ec7bac3b4c42c2ad91d07f9f2764661facfcb5b9e2e8c2f905c543083621b
2566,345,2,304,304,147,21541,,1628878a839ce708a94e8b7e0d4ec6be3bb62dff21da3d44a51966a6d4a88842
2568,341,2,436,436,217,21884,,dd60040f50d9887fdb86844bc462500f856376fbc9b8756e836119d8b9eb413a
2569,372,2,863,863,389,39776,,4063511e2366b33f51725002b220996b91beb91313223a673a7205b8bfc7e658
2571,344,2,588,588,291,47685,,edc065a9a99fca1fb8c6b317a98a9bb7f319cbc4de0139d9883d6f1d8c83cef4
2572,795,2,169,169,84,28403,,fbb71ce8849e2b1b7ed8e9da0a11e4d9db4dddebd51f77fa758ab9b352190462
2573,805,2,252,252,152,27099,,1b1c16835c5fc062018d6ff1b96df4bf70a694a8a91544f2f06eb9f7a54a0913
2574,804,2,350,350,185,19882,,1d6996a356fe1276eca2e400e6f9eb7f44c4713bb715ae896b235987885960dd
2575,803,2,578,578,292,31634,,9ee0a9c04d9e79d1f1412cb017b2dca56d8ebd711347c710f5b4510efd202f60
2576,802,2,403,403,195,24000,,5ac4cc629419bac8a5281ebb06310f4d4a8ae5689386e9c6bcffcc35253c9b23
2585,369,2,324,324,161,24389,,bb4fc6e76d99b6c44a51238af2aafd677e71ea6c3675ec5b367eb404dd5ba9bf
2588,371,2,227,227,109,25612,,2d66f54d50a0ff0138ba4da61799fe499deb9f2f99110bcd06cf706c1b3f1c71
2589,349,2,123,123,62,25466,,315fdda5a5503e1c0b7f2e0defe9fd8b0a5cc9334846916b051b5fc2c780a71a
2590,353,2,85,85,42,12798,,3e986f1e5f7555f71c28e51215b629ef5838e2437c8d8de62857e8ba724bc3d8
2591,318,2,769,769,345,35672,,bf34172b95af8c5e6667ed9775b8e2f37729f986bc5547186be8855486624b2b
2592,348,2,640,640,299,38410,,7a4b81fa580f9951b96c59fe00439e2ec9668f86b705124d803288bb7097d1fa
2593,351,2,409,409,215,36757,,2d5b41097547a311beb394590b343a91577aa0c7ad10647484807eac8ae7f588
2595,332,2,711,711,352,42506,,14b4f86aabf2a77b54c5a754e6691a412d4e2e01877aa25e64a7ccc7c26fb359
2596,783,2,174,174,87,17041,,2547aaa65089bd2a458668c423fe754f64b3c9a6f6ee3566aaa1a79141ecd41f
2597,788,2,203,203,101,24180,,e76e9d50f5bccebe58511d3b65a3a3751c8afbed5ffdacbeaad8df0e8a30116c
2598,789,2,173,173,88,25241,,3927347cbf03def10529b2bac6d9403513ba93466983e01630957fc67bfc08f2
2599,785,2,607,607,292,37349,,0e1ebea232dd43e5cc5d7f42e0b0e6ddee7d91841ea690321b6ebaaad651d6ad
2602,449,2,189,189,95,27423,,94982f92c21dc7520900bef5817bcb2103dbd1dd19e1dd34ff31e5efdd9de9a8
2603,418,2,101,101,50,27376,,be6d684db6d91bda5860f812a30514b29e0f67cf357e83b19879a60185506de6
2604,433,2,352,352,201,41110,,7e6aec1544a0c466c7517a70e15ef4b9feb10a5da08ca369711e3910e743ab11
2605,451,2,195,195,96,20338,,eb75c923cd866b2e164937a7c53c91a06a484749eb1c74af12a8f95c62c1a339
2606,401,2,107,107,54,22897,,2bc4ed1e36a3c162f07f592d3d974093280f8ffb5efd8b1040cb8af01dbcb81b
2608,416,2,295,295,152,30544,,fb9bca562e3a2c89b4759b2652382bfb68f6fb94ebe24df2f4dd7794ff4285bd
2609,421,2,236,236,111,22995,,fa5b858105ba38e9e17bce443ae0ee32fbfaf465eb831e843e454141137fedeb
2610,459,2,324,324,159,40696,,186408846c672fcc5e312cc6c4ccf5146b41dc396deffbd9493066654806f4f4
2613,450,2,285,285,151,22812,,d8b90d90dfdb0ecc51343633833a6458c393aec9e90f30518436c9b3d506f1f7
2614,419,2,975,975,458,47826,,31a9ebe521e24eb0c0e05af7d8b88fcfdfd7681ec9eb9d596ec0da488929dcbb
2615,417,2,471,471,221,34380,,ba5f88658963db85d391a7396fb3d8443e1e0b5b3ad621bbe58494128f0ed813
2616,453,2,271,271,135,32154,,9c083b05df98807cb884346138e9bc72e16454916545f8f5bdf3b1f48fc256f7
2617,415,2,174,174,85,19605,,2aa2e483323495695edce59e761a29ac63cbce030213667a947286a4089e2914
2618,557,2,109,109,54,20714,,e13de98aec03fcd795a3ab5442f22df8f3eea9ace8002eac1697661b11e4d70f
2620,566,2,582,582,269,43787,,4537bc28c945d37de0bb93e5dc173e5db6cf89b5fe5f0d159b0b3408109f2a21
2621,569,2,233,233,115,22680,,f30c1edd7fb5d21de91c7c1d23b8014a3d0f1989468a6a4884f4ad9b751a7207
2622,561,2,346,346,177,21051,,34002f3a79330302e311339673360b3fa8e695354bd67160d7552ed0e9185ddb
2623,505,2,332,332,167,21634,,18ef6024862f3be2cf27b8e01b2f3d0c1ab92336ab656d864b60b188caaed8a7
2624,506,2,248,248,119,31122,,32e2375d80674af6db1317e1fab1b853c9927b60f31f4b615788dc698ae6291e
2625,563,2,180,180,90,13036,,e4282415b7e8535a0f3ba57dca4382d50cb963c1ce933407210f9539a4e44ae5
2626,511,2,284,284,147,16370,,dd0542db7227eaa1d26e3ffdea62f5082f4f0ce6888e3b1466d7354a94db1ae4
2627,772,2,397,397,186,36654,,abb4bb9520b2f4ac45eb6b1b5bda8a69f27fdad6125c8d9cea4beef4e0375e1e
2628,536,2,457,457,222,29964,,784f7a8cfa637ef165218463ed02a0dfdb6cae65a01775891e51d29c466bd29a
2629,538,2,477,477,264,24872,,fec2c86ae22c5d9cb3fad2f72b207a5c4a102126115d6906b3c25028b75e3391
2632,303,2,379,379,186,29888,,d596a7421abfe1eb7122d0c3221f520161695e1e1b7fc1e82cfc08b07f18e8d7
2633,304,2,203,203,102,27997,,dba5ceb9f805634054b3bf5f2e84e760e9c443af632de8d56dd76f2c2c14cbdd
2634,305,2,551,551,311,30839,,36088229bddc5f4bcb401e1ae10f549f3803423f4345ba43e092bf1321d31a96
2635,354,2,187,187,91,17546,,1c7fbe5a5383df69a0c577e5aae061925f3127c304588329e5eb6016c04cf265
2636,355,2,321,321,175,24453,,a8227fd1d18ae019543bf74d70b991bf11e0c28ee6da37ea4e005da72e0273aa
2637,797,2,77,77,39,25325,,5fe426d7f1f7d4402aa680fea1a962a2e36ff8821f53af804ec289d57c21dcd4
2639,706,2,306,306,140,19846,,13408d737aa15cdc93482825b4e84b14d9b66f573ab7c4eed024c5ae0540aedd
2640,705,2,127,127,58,20818,,a7b1ae6a5095c8bc63ad8750a1906610e0c593e10866b505f136b75aa4db00a3
2641,708,2,663,663,286,24389,,ddf1c427ecdb163baceee8b24f7987c00ef866eef1ff2a444cc2bae58348ca5c
2642,312,2,345,345,168,20357,,ad974cac8b0b5c63910cf863536762441868fb755565de5bd24ff016baee7533
2643,375,2,705,705,321,23763,,c269ff128acb9ed8f84dce526baba86c3c63797f5bbe4a527e7c12b5f69e3d89
2644,518,2,654,654,308,34094,,16687fe1931fc8850796694e20f22ca08fb4b9f7fb4bfa7e0f4de3d58267ea33
2645,516,2,145,145,73,18174,,ba2dac9d457fdbce3c424e7bbba57f0d72e63044704154250eb48e7719ce2447
2648,699,2,177,177,87,26326,,7ca60821010ab6e15b218c2ab33cd3a55259fc8601397cc5db07300baa0f17fd
2649,700,2,132,132,65,14935,,ead261f20f053d15d28b9538c78167ccd19232a4e0b742538779d59bbcef28a6
2650,809,2,267,267,130,17883,,beab2a1da88673de08303bfcbcb3c044b72226856f01acbeb5e41546ec2bce93
2651,810,2,600,600,277,31393,,7fba67aa20ff459d0b6242c3a610794e2941116d6f363a267f9b934a75401e0f
2652,698,2,369,369,206,38642,,3fab4d288b5993a2ce12eebbfe265eae445ad9e3f39b273f0ad716e957722289
2653,812,2,182,182,105,20267,,aeda17fdc1ed8c150f5a44eeb86ee50d6b340a43341f68e69f418fb0689c7bb8
2654,807,2,98,98,66,7744,,31afba07d29a080a3d8267e795948567302f69587022ad3f07837a120b27ff87
2655,808,2,321,321,159,22575,,1df8a9ae9a22c05b0d35eb44b2e30d906c262c0ef8178dbb5a1bfef615806413
2656,797,2,281,281,126,24282,,eea41db62b15d78dc4b2f1c27d94dd76d1fed52d5a12a004cdd083eb34975282
2657,559,2,420,420,242,26662,,4936bfb5b6f6839e0fb40531ad4ae0a335601343846fb743642ccaae2304a9b3
2658,566,2,182,182,118,27092,,ce2cf23cc83b3d3db6df44d47f28e78c6e55c79fa50bcf8207e0c1f55df88ead
2659,565,2,327,327,157,28874,,720cc8e93c09da91e02d20ac3566bce9002b6b62f1e56f69c65aea9618af9d7e
2660,569,2,325,325,183,17766,,8807183555c0ec7872125f89f60627d01ec8de25e51a7f213aef297588baf000
2661,567,2,212,212,130,25003,,af87a18c7d983968488724a8b1dd7543d809747ece6f1dfba93d5752d0abe1ff
2662,766,2,62,62,31,12961,,cdd039a6d7020a6b65e4d77fde184b4cea4e1dbb6724b060f421a05c7c083ec4
2667,411,2,215,215,114,27939,,3f6cc19f47ae927e9b864eaa24ba66b06c6ebf37b06f3a373fba781637c435ff
2670,457,2,458,458,215,29384,,8ed237052b86d3da7d3e62e3fca0a09ca28498df38402d46d9602f73524b8c65
2671,407,2,167,167,84,27155,,8d098d37cf44f23546426bfcfedf1ec4876101bc7a72fbc3d911e9c5f32e8baf
2672,413,2,432,432,234,30426,,6439721e8ab72b41ccb22df287fe78a3c8af4a02c8367be34e21e9c4676cf2b4
2673,422,2,517,517,254,28687,,fd005ea9beb0552ff99bc43ab991f8dbe064a3cb5a9eb4a806121daf99090259
2674,432,2,249,249,125,27256,,b4b05f8fee8593f10b4140a7cdb7d4b4c887a66f96533eb25c8644e340c95fd9
2675,764,2,313,313,158,18924,,4ba7977c392b73e8fc75efbee7fc40f07c7b44b23e5ae2bc40d40e6a05051e7a
2676,765,2,344,344,173,21107,,1a7e936f4efc52cae29a54b0d52b36abf4db248e291782248adabbe6f35f44de
2677,698,2,238,238,117,39485,,76d1699a8a82eef19e56512666bc40e637d0974f1ba3a1926256709f78ae2c90
2678,792,2,384,384,184,33577,,90441de2b6eb600979436bb4d7ea277b30a477007641691123b9a33c59574c17
2679,813,2,258,258,156,24081,,bb950c3e4281cf3089f1511e8d32af0bf37e297f3d4a267022fdd7af0dd34e8a
2680,816,2,430,430,214,35586,,c9db28abb2654787e589868258a6cc85261623f90dbbd979045f83398b2a9534
2681,791,2,217,217,128,12805,,662d355a5950e8d1dce1c0201f7e618427232c56b4e47f9cd62b4fa4158f1093
2682,815,2,114,114,69,7797,,08e0430ca4aca6b07227190cb11b30bc70cbfb71d273ebacae47371000082803
2683,813,2,240,240,130,19791,,646e83d4cafcd094bfaf1c4b124c935542fbe87c046cd021b8ed7962b955c36f
2684,309,2,545,545,292,34834,,2aa42195f5f42de8a3eb4c6fbd61edd2ab34f172245ea0c6adbbcb9491b46913
2686,363,2,412,412,202,26975,,fd0c76ab7e1ceb5be8be26520d449c37b1b1a94dd622d5b7050a797193fb3125
2687,367,2,468,468,217,32274,,05ff9a5e27916fbe9002a03443886e4b636e7fbe2e94020394c4b54182e1a4f5
2688,458,2,264,264,154,33930,,61fcdc842e3789f719b321e6dfa37c8dac0999aa74cb34b18d88f3b5c0aa6b2d
2689,445,2,604,604,285,32942,,1508a7ac2b9db6ace8f649cb076a277be66370e7a144f565e97a1f6040bd1cd2
2690,420,2,273,273,159,19826,,95660941433fb2ddf7f7c1a4a528144c1af915136caee0f01b7feab0dcf7995b
2691,424,2,416,416,230,30748,,ac43957e6144743d4879ec573c703e0f0c145b51f4bec5c287d90cdeff84b4ea
2692,451,2,538,538,287,35444,,fa669d7c8bce43486f0eca32e187e1c0fae2dcdf874f9f8125c1c306c72920c4
2693,403,2,155,155,78,20660,,38f28b65d15f0b78ff76fc248d0ba080b7aeeaab7905a64c827cd5503ee3f7b5
2694,426,2,513,513,247,30304,,d07d957165efd0e1be9900c88a1574e31d410dda52080803991d073cfd935a0b
2695,432,2,127,127,64,22369,,c0198f15c84a30536451ca8dcb9272402ce40e31cda706ee31dc70aa491656d1
2696,376,2,482,482,236,32160,,f218bc30a462d23d545f6f088e54b61d832f87f55c5486831fa8f9e8761f0ddc
2698,551,2,657,657,337,28742,,7344361533d18437e4ab55f986d3897d7fd79aa3ea9c7902b3e310173c9c5bc5
2699,535,2,182,182,111,17521,,65ef0b258f763b2b51fc6eef7603296797cb885f0ca84fcc57a3469e2433a01d
2700,563,2,115,115,77,9340,,20e2f0b6fe12e9c46df714394a50ee676748247a11008098f5cb8dc7eed84320
2707,759,2,260,260,150,25060,,9e7268b67ab27c4af87034a95996cc6e3a109c82583f3df67a625599e9536af1
2708,747,2,152,152,87,28846,,d4db0427c6c4bbcff73af898125b538453eedc6921713f34d397e7395ca833ff
2709,744,2,354,354,172,36996,,366ecd09054a459a6e0a0e865a06336e2e13a24f9af5d8bffbbcaf2ff7d2cf9d
2710,761,2,39,39,20,21990,,1c9bb7001a9e78d321d13854bcab2a2edf0ea201958506a4b8d022ff0db373c5
2711,748,2,319,319,158,27015,,8093ca8236c603f4112be17bcf83979ad2e0bc9a8c424f62614068053b4b164c
2712,745,2,183,183,92,29774,,f328624494c6a15f14e08fab873145e0dffd5c465a438847230a19b36d2182d5
2713,745,2,120,120,70,25740,,ee01499c96128b5f94714c9abaa9ff0713c0c98bf2e976232794f940e795d8ac
2714,745,2,70,70,35,25182,,28c38fbcf0bafe3c467c49f8943990b1c983c2ee6f00b306083bbe3c0d736ec1
2715,784,2,779,779,355,47738,,f4b9c7ed24890a68b6cf4bbc7a3052c6422da3700579cd0e1db10f979e25b57f
2716,796,2,436,436,229,27030,,8da3b918ffa63d6051e0412a8933ce3b74c5fa497a4d30abefbe4d668f6c945c
2717,704,2,47,47,23,13489,,aafbb194eb385a2cee37554dacfda0dec02476bdcdc6b0566a509c6de4043b86
2718,705,2,142,142,83,17487,,45a8d823e106366e6fee3dfea8c04c16f5d9e5683457488abc8117456d13a132
2720,731,2,259,259,127,21622,,3b9c5ddddc80e885307a446a0ae9920dbe2ee6d85ce57b51480e5152778076bc
2721,726,2,427,427,204,32953,,2d6bb674ea76617ed813002165076a18b5556df7492173b744465161e2a6bc8f
2722,730,2,148,148,75,25460,,adce03c3a3f01d8669de6c690dc9db758325bdf3a311b029d8c99a33ab5e1127
2723,723,2,647,647,311,34036,,f362fc4c89a9f51e4ed891f482e45455d91f2f71ecd0fba2488e868e5f8dc861
2724,722,2,147,147,74,24338,,719da7a29fff4143edf6811995e6e24946ad8e0d1f2e4068618d01305a87d1c8
2725,727,2,427,427,189,37657,,21055956f08d5f6237902e603f5fe4364a5fa015f12fd67ad3058b0ac5c2383a
2726,724,2,229,229,124,27572,,91e8c433c973fd48f05a037daffe9be9248fafada437dca2881363e6fb759886
2727,703,2,700,700,381,39816,,b16c382949cca8dd452e253ed6f68ae5bd7ab9afd831e4adcbcad46054ceca1d
2728,707,2,115,115,57,17468,,04d8d9d64236632e2d0ad557312ffc0b458318d3ab63f81d7b66d57b9f7e9067
2737,788,2,153,153,77,31300,,7f3fe5963603342f597ace92fb49aa2ece3a4fee85bf03fe163d47f6f0ecf78d
2738,780,2,419,419,195,38047,,7e0f450db9f0662ff4e5bbfa04435be500a70d81575d67a1899d8412675b9ee4
2739,814,2,412,412,199,35602,,fbb78bac8a253d7fbda3a49c83f3b7901601fc501dfff90aaa2df6da26af6dbc
2740,753,2,333,333,173,30551,,cd8c547372f8c3f5ce41db2414ab09ab4db071bd14e4a9a8b9254e19be073504
2741,746,2,231,231,124,25258,,9e0cde51deaa1cd55d72c63d94035699cd59a7629c948c068828cab18eac5594
2742,742,2,674,674,330,41139,,402a71bc8a809df27464a1704a06153d23c642a18915e0b6440ceb82ed0e6d10
2743,760,2,553,553,258,38344,,b02e032b7798478be290454be297be14c9d7a7e379eed2d5ae2a72fc69b54efd
2755,375,2,264,264,145,17310,,8803283c2dd1159d3b799c4c059cc83c47a519882c069a38a14b90c4e0d4e9e4
2756,314,2,327,327,154,34592,,9ae12747822854b767b99ec43204299339ec363241ef4f8715763f5fc1f8c13a
2757,313,2,339,339,189,31728,,3cdbd4b4a65b6bb0a4e8870fbd7bec94399d6043de9fd95d6beb269473af0566
2758,312,2,304,304,146,23103,,e2e347d54a9464a00d152b5364c087280a924c3b0db92adb148ccbf9ceee5aa3
2759,374,2,151,151,76,33037,,c7dd2c3135a162e4b578b893877bb096f075cc29f8c7c71ccd9bd2dd728cdbcc
2761,349,2,191,191,95,32644,,e0feae99ca0366a696fb0a5e6bc75423e070e2e6f485a1cb84041ac5a10f825d
2764,348,2,579,579,277,42675,,7ab7439f33bfc7ce02f61e4544b96f8b0e9f57f3f0201e027ed874f09c573fd8
2765,351,2,190,190,95,29068,,f12fecc267a802a5c605f232ccbf5b91a674ba616d64485c9f8f12dbf4e440fe
2766,823,2,512,512,245,29183,,fb8b9c08a76dc3a92a522c99a8cb7208a020e5dd496abe3a3519ec8f05c2d335
2767,821,2,398,398,186,32652,,d35140eda6add3fdea788de362b45db97318494659cfd74ed28be9b84fa02513
2768,825,2,559,559,253,26067,,7cfa988d6811bc2a083d89d9c7c4c22c2bfe0de602416075c12f1a6dc1ca6426
2769,759,2,490,490,280,30660,,737e608911d6bd0019d0a5282255d6943f8b17a9348df35bbb82b1c50d416c2f
2773,353,2,267,267,151,17243,,320c96df51eb9c830f731454c241d1e7aee13edf8298f224ea702e269d69056e
2774,327,2,435,435,246,36519,,d22809b1be8e0b58b87af277aa111863484a7e1661efef8594278662143289e3
2775,329,2,231,231,138,22488,,e6b38b5069b25671a44bd15eea36771dc1c4f4c00cdf0039b7da9ecf5274a912
2776,326,2,178,178,111,22512,,1e84446134eeb345a24cad6ca10995d0d6cb62dcf034562a042cb89bebf2f085
2777,373,2,208,208,106,13472,,1860f33dfb141ca78a3056abae3c6b5788632f341b23bf627a4f08305b742f34
2778,325,2,384,384,188,26378,,f80634ad5b97b008a6414ecf19efd8b8fef682e6f894f03b1e958a3d9c760aa8
2780,516,2,151,151,76,19914,,f512ad8b833380df37494a1797d102fa99e9a7ae1788dbce18a0e707baebbb6d
2781,518,2,294,294,143,32693,,9acb8a78b98b71cac39bbbc9071a6560ff337e50e10ca45154b51ad79c88fd70
2783,334,2,219,219,119,17725,,bb52cff782f8340bc75ef4c51e26cf4bcfd64432d922788b7e0518085074494b
2786,372,2,481,481,250,34617,,e48d71298594b197b133981f2872968fd9b574b2c72fb59cda8074e81bf39d9b
2787,337,2,429,429,214,34990,,d12a115f0ddca23a8d3bb3d6b7908cdb63c6f9b8b2c6a66a03e40e5bcbca4b87
2789,341,2,611,611,285,27845,,70ca2fe7a62978a8823d7d7e2c2abb76aa701fce00c2ff6493165ac474dce21a
2790,759,2,765,765,346,41260,,827d2a0a99b276d85284c7c6f34cc3758e7160d009112f358a5c9df9a51fb6aa
2791,757,2,322,322,160,32693,,d600d52dbc4d38727d8684dbaf93510af8f3c38f7f4453cdefc9455caeb5f152
2792,754,2,371,371,213,29049,,bbb667362b5197378c159c620db243c5682faf5a024e612ff002741908824844
2795,409,2,318,318,159,25915,,5f0ed08c96b6160f4075e5806286d798961004877e8c5faee2af0dfae181fb63
2797,423,2,280,280,170,19766,,8549fb68100bb679db47a78487e10abc6bc4faede46920b199b025a4bf2f92e8
2800,318,2,576,575,287,41381,,0daecce71cb42116f5d3c336a1debf5ff1c492cb11a4ed37d0e5ae0d7af3d39c
2801,305,2,599,599,298,29518,,30e0a430fceafb5c0fee52afc57452213ac5c48063e89932984d3d3ab22e2f31
2803,304,2,406,406,208,38132,,8d67c5d06d7b5ef6135a368becfe4c58bbbbb28dde78df75588457ff6bff5688
2816,344,2,145,145,73,33897,,28194998bb6e3aaab6379bce11e32c483eacf980bda9136c94f94d2d5cce80dc
2817,345,2,253,253,125,23828,,1e0be404e3a2da35251f472875f779f29bc8506ecd17918326bed9d0ffb289f0
2818,370,2,159,159,79,16715,,032ebb75abcbb86656f9e245adf847953b7e10e4a29e77543352dcb072f8d532
2830,361,2,1172,1172,522,59879,,4f37556021beb92cd2010570824fd722f201590d49a283c3a5f206b688935e81
2831,360,2,101,101,50,10908,,6723a3336e48a7beb4cbdfae7eff7a222069bb5c5c78af4826ed2155403746ba
2832,362,2,269,269,122,26714,,69b9e44d4dfe81352b5552cf83d66d11c9e906c2058625c8e3e4e245366a0c96
2841,405,2,233,233,115,28205,,ef6a46e56f1fa34c858ef28cc65f9b9efb6218033b6a6fbc7b9f3f5eb21a3fc2
2842,459,2,420,420,235,33775,,229c4a191dfe48a4427d05d6723276e790446e1f958e6f7af0aec916b8637d15
2843,414,2,223,223,111,23517,,86fc8b6f920a8d0e2c4846dd3d3e91001aa211c5eec419a99443dc349dbb14be
2844,414,2,83,83,42,19119,,87bd87b5c049259139938f18e26fe4dec34310de896fef0b6564b18a63c7cc66
2845,721,2,390,390,176,24543,,6fa8a37a4256a5279c427790b1089aed69e809da8a9d752db89fb419905d68cb
2846,729,2,961,961,436,36965,,db3a0868509e7cf4317d547fbf81c2a14cb6fa3dd97031e1462b502a0f7e55aa
2848,563,2,121,121,81,15349,,951f6b250ed8034b4050dc3f804e69f9081214f267aa2885422e95602efe0ae2
2850,332,2,730,730,366,36480,,ee7f66733f58ca02ee4bba3d41b73ef71404d08c58e8d9f70fbe6f838ad14491
2851,369,2,592,592,281,31921,,5736f4f79ff7fb9d95a36c3e6408bb237eefca417f67a9d230692691f5a47016
2852,368,2,305,305,151,31641,,2ce366d76564e261f6afa8efc33366d1dfae8498922373a5cd5a6caff9c9d8ef
2853,371,2,189,189,87,22297,,507ff4b8e2210b6983e6482a9aa3c8ff0fe6bdeb0ff27799e77d597207909c35
2854,357,2,178,178,89,22962,,0b030d20e0e1809ebd0cca45a1024d5cfb28a7e0b9781df25042c59fe369378b
2855,356,2,371,371,186,32071,,05fec934e779668e488e078d9a15a0eaf144aa13735fa7b2b0d632dc13bbfe46
2883,535,2,120,120,60,14576,,45e3e6c3ea473b1fd78ef1077b805e6f3372e5327fdbb1a7101f2d4d30023e49
2884,536,2,69,69,35,20205,,de6ea26ccab0a9115c40a17f91882a35da86ce4c75a5f015d6a5b9fe1a7717f4
2916,312,2,291,291,141,22394,,676c4af092fda6a17e7b9da153311a7fc24cab6363ca7ccecd33c688dd35cfd8
2917,303,2,199,199,96,29903,,9c860f5ba82463fc3bd1e378035312f8d2f751b900f7b2c293772e69a27c7d15
2918,354,2,241,241,120,25389,,d3e248c5531378481270e00fb3043c3b15c5e0cc70169102b75b86816b6d564e
2919,355,2,125,125,68,15041,,f96b70d64789fb71ee248f6765a5d89e9d620218e1cda8c76dcb37cf72fca019
2920,439,2,463,463,223,33432,,a8deb2bdeea489d6346dd9109a44c7c5485da1ac71ace33c0ed2792e00779538
2921,441,2,339,339,168,26958,,b2c9ea06bfe766f192df828c3bfe4a54f4e25b8a2c2ac8aa1e70239df24200d3
2922,409,2,174,174,88,22942,,ceb3d6f8847a5cf581403291d98a238e2617a8079c402cde0f4bc6663aadcce4
2923,405,2,119,119,60,25401,,ba9deecbdd9e189e2b5a05f7826f7563018c56562df893d703be5e00b6d55552
2927,327,2,219,219,116,27437,,b316b329e4c649857d5c50b100f2f1484230e81d3c6ac0a724bfef446578d406
2928,328,2,447,447,217,33845,,1f5d6da3f34faae67c28ad400b1b37ed8eb12faf27c72da57dff609c18d78c8b
2929,366,2,68,68,35,17636,,a2aca06f692781008c09aac88b68ed6400e9c1a5fd082ab04cabe3fa5aaa43ff
2930,315,2,462,462,211,22306,,55cb59bd1aa78129bfc311639e51065f72834cafb0729e196a392447025981a3
2931,316,2,349,349,173,36146,,353d0db5279830c96528f18c3c4ddf064e467a6fae148cff6625f049d664a961
2933,440,2,191,191,95,26510,,0fe90e3a164a674ae47e906dbbd5795442412472bd63c420063b900d4a097551
2934,442,2,459,459,224,33886,,a9bbc8cf4aad814a07e14b8741997d3457524fd57f351b6c299427bd5c1ba4f1
2935,446,2,487,487,243,37491,,d545c19cc53af397adb0fc91831e23f841ee144b309eaaab81853c0a699f9abf
2936,445,2,886,886,396,41426,,4b2332a01d4ba8df5e6eedf906b012d5bdfc58be9bd0ccccbbf9f9a55862b7b8
2937,407,2,83,83,42,17829,,8867579eea5705b353fab0f67e364bd527e720433060cbb01479ef43b639093f
2938,457,2,516,516,236,25117,,5e051e507ca3125121c78d70c4510976debf176cd677d4cc58e10510a12de2e2
2939,439,2,407,407,200,33845,,31713970279cada895c890ab53212c4e9756c4783857ef5baaa3bdd5d4c72b6b
2940,414,2,282,282,141,21461,,1b357234f20fe9a6de35cd51ebad907447d7c1e9bb11b0f5beecdd864a055e10
2944,438,2,633,633,292,34038,,030842cc60956b7d7fbc043600cade0c51420e3d9d28bb79ef83d6ead5717821
2945,443,2,451,451,220,28020,,f2fbd3875380468de1e422dccc306bc2bedc8ab3509b3d1f0c50973aae86e125
2946,444,2,544,544,258,47510,,ae2d66808d90fd62fdd55b4a3934683b79f776296ddbefa7283eeb2f4306a162
2947,432,2,97,97,49,22630,,403d10d2815a1c9b2c91014cb7305f9a5bf25ba233aae2d94ffd519b90fa688f
2948,437,2,106,106,53,24687,,e27e262531c045e9b468317e228e2fc2cbd9c5302ff6bf5deaa2877e974d6cb6
2949,433,2,233,233,116,26185,,08b80ec82cf7a174d180790d567dd90a5c5bf10b9f29503ec4cc9358c8ba8381
2950,454,2,287,287,145,24388,,12be0d21ce3dc756a2e38590732caa2f9b9d2fcf447bc63ce03e8ac85b394822
2951,432,2,124,124,62,19734,,9331403d31f5fcbfd96c31fc928a26a09ff6c4875cefbe4d5184dffb9b3b0cd3
2952,459,2,141,141,70,26415,,d66b533ee132fb9673dedb9948ec9af33145cc4e8f6c41b5f298a1206d9a678c
2953,551,2,158,158,74,15752,,b3c262d898f272bceba7423b43bfe60f64d7186e5dc36ff1fb35257e090cf29b
2954,535,2,183,183,87,18983,,9cec1d5b1998f643295bb88bdba5deca1a1fb7e9c33c35e6689910e095c5c27f
2955,538,2,244,244,121,23145,,1654bf9f555e02ec400b65ba95aafb4ad3f17d84f4786c412a563d63ab58f513
2956,536,2,154,154,76,20095,,0a9c327b83878d9997b38bbeedf17076b8517c32c6f51bfcfb432f67e5409547
2957,551,2,187,187,94,20377,,24b0fc845947b975dc3c400e21de884ab2fd0cc12a486b5b4ce47a926e24fa58
2958,559,2,128,128,64,23716,,bd1cc3a2b485e9b6090e3da01fdfa1cba241a5bfbc89f5985ea4a9b1cdeb4c0a
2959,545,2,154,154,53,20163,,d87180b5ee6d720fa2ffb1b8ca074158be64459b5e08643c8642faa5b26ad6c9
2960,544,2,401,401,224,30452,,73755f59e6acdc45f8572b79cda9824719dd045b840a50ff9ad543b259711c5e
2961,543,2,333,333,160,36380,,611bf98d1456954542bafda186460b2654f63780d1c449efc9cb8a2c7d7a3bfc
2962,568,2,80,80,29,9777,,38514cfb83592a3a9e5201d6dbdd464070c61f8a7342bdfe6d3474449eae5dad
2963,427,2,315,315,157,25366,,396639ec0577d2d54babc7ccec127ece5fb3b5d8bb6eb050c270df1d685a3806
2964,428,2,446,446,234,35517,,5fe8e3f4846a3e4d634c556b6045c4c24953d92210ab0b611f6d55c9e80d14c1
2965,416,2,221,221,108,29411,,68951eb5b3d5e2aa914a14698b70667623bfa725ba76214ea67c2703fd7c8155
2967,413,2,400,400,222,30030,,10f289c9f152974c063458d508460a7c08d470534b5aa5d83ee20182da08fe66
2968,415,2,386,386,193,24572,,c6a08c994ba7b9161db1f7737ab7d41e789415df2b0685164e2d7a02680a193e
2969,404,2,614,614,283,32253,,d4a711dd0c704f8a2fe115e77779892c2f50ecc2114360e934ad6c635a8b9f25
2971,538,2,209,209,103,23233,,e299a290c855697b3668bd8d301595fc0ba3e9a208a7a1b25c296811f87f25b6
2972,511,2,206,206,129,14603,,26ed842739ab903a9251bb494c4bb4d376afa55df8a36cd25d3fcdeca38169fe
2973,401,2,27,27,14,23109,,9bb066aa4d7bd9baf059a4cbd8d6f8a2d46124cd6db4c0b934a3890666e7aed9
2975,451,2,34,34,17,13067,,4560a80c3f819bef364b32a8dbfc537ecc6b561ed587142f52a0393d28b70626
2977,421,2,179,179,86,22926,,3187f8f181fda1ea55ac002ec1500862ee2bd609b15881f2cae69493e683c116
2978,417,2,120,120,64,19865,,02f42cf924d8fda632b5cc64fc7a194da079d7f890cb481b95dc6e92e8e042c2
2979,422,2,107,107,53,24661,,46f453560f4c33e503cfdb2479264371b02616dbedd05c17636aa29b5d83c980
2980,403,2,287,287,148,18400,,69982c8843d4b65ff3422232790dbe5ff3ff12553b3ab17521a6073142236140
2981,426,2,314,314,153,29536,,53aff0d187a3d054b3c2103b6d36bb6f409205a4958d8684fe3b2a68cf9bcf75
2983,423,2,373,373,180,27074,,09f3e7bd09e4eb2adcc2414a39fd4cba9a0e58177c7f65ced6fdd6b57394409b
2984,424,2,354,354,174,31756,,3f3ac99d5fecaeaafd28ea24b9276798f0f142d49ab89607c235359fdbc63a46
2985,456,2,173,173,93,20908,,faa843f211251b835c31a075e3ea8d1c15215670384149b98c1a5315b49c73ac
2986,425,2,437,437,217,26742,,6557f70cf8fadf7910dfd1a9aeb5066abf41d0dc165ebf664a457cec19c56603
2987,327,2,281,281,140,42380,,1fbe2f4970583ab3ce406b9ebc6dcc510ce386bd2d241f3c8c13c862da49e76b
2988,806,2,269,269,132,29273,,39fb62f74b6cc33609f191f23c3bbee5e6840178d05918425c5bda0f2fefcec3
2996,701,2,86,86,57,11723,,30c4fa0046feff0d9e9579cf1562511808afa56e527e489c0cffbc60b68b64e7
2997,705,2,100,100,42,12966,,94ef5e4f3d7be66b4f4208781984053de8a7f9ea820bddeb539e1465c2b2e17f
3003,544,2,288,288,135,27486,,11037ac34a37f9cd7e2c2592ea56c5baea63bb997f6fe1ef9c6d9ca3f62e9ac0
3004,568,2,256,256,140,16522,,4f39749f00d9ef68759d53125b74da35b9b990bfd132b71d4b803e8927f0b945
3010,419,2,456,456,215,34302,,d4b180512b3cd3fea39e1a59d1f6ed6d4db8c65bdd26f1d9635bf829ba4af757
3011,453,2,352,352,182,28478,,f875a1d444964b1a6acb2a6fa84f9b2b299223b529f565e6bec0be39ac3694e2
3013,408,2,604,604,253,29418,,4605a59eba4bb260ab081f50bb9572295e62b170894b29ae72cf198d0e5a3556
3014,447,2,111,111,55,28190,,ace46aa445604a8645d622d0baddec7d5b79c9ec35d0823ff1f24c37555ec6c4
3015,450,2,639,639,284,32927,,fc38656cc0fffd8eaec3562ccafbd0d151aa0d6282c735631a378702b1cf211b
3016,418,2,128,128,63,25435,,3328beff6f87e70a2e5ba5d64bfcb10a53ffe47c73c820889beb3192252a71c0
3017,448,2,430,430,208,26752,,73c7130fbed62633442f90cc4dd76565d52e2fe88dbe6ae38ff1a94848bc2974
3018,430,2,157,157,76,17439,,89d99c85d8cddcd0c0696e88b63e2d25aa6253d871a3ee63cb2a3b7f5e499ac5
3019,458,2,659,659,316,40166,,f7a1445bdfc73aad64af08c44ebfc9cdcdb215e0d055763deec5138c62478416
3020,420,2,284,284,143,18763,,50766c63d241cfd34ebe47c92a37419f4b1b5601296c9916868d63f72a387025
3021,315,2,350,350,167,20589,,231864c4a15656662981739571b141a5e190fa3605e10f673b22d3c22db3b76d
3022,348,2,624,624,303,41839,,3d5fb1443cfad0b96d5a79c52dd1bf8109bed5a2950cf5399e2b37ebec9548f0
3025,726,2,190,190,94,23678,,1509247464b1977cca05562cb966170aaa66ed0ae9080bb6034bb9c139bd322e
3026,725,2,209,209,105,17518,,1787d9249f59faf69384f0d46178023471e2d1f2c6c24d27fa194f5d2f060595
3032,536,2,65,65,30,17959,,fe35494b0685bb8cf3c6fc029a62b82f5c2495ce3ae911a58fcad71b03a8306b
3033,559,2,412,412,200,33925,,170b5f13e7e6a539c5d6e23ec7228d2258ffe9684a644417d104c5598dfa5428
3034,543,2,155,155,75,14675,,d07a42eed043afe149ef3326221cef5679416b2e7abc2f9e6ae69dadb2db36ba
3035,511,2,128,128,62,15441,,193eb4006e117ff0ec8525a7bae173beed15a578367bcde4b625a4dcb00810c0
3036,739,2,89,89,47,34894,,8b241e67ed1deae584300bdce6641f825772fb39050f9801c1afceb85c600b6e
4001,770,3,836,836,335,33472,,4f5bf7e3780bb9ee2246f9726edb347cffd7b3d7839ee7488c86a820ffe61ac0
4002,781,3,157,157,79,32985,,8817a03a436fc9718c8856f084fae16dda541abc805102116493eaccd4976bd2
4003,772,3,90,90,52,24163,,85273360ef616aca3c504606adc6dac2a479e793ba1970c4bc9cabc8e3f6b0d1
4004,774,3,96,96,50,9597,,1ba0bc214a31c9f582798a076d2b228cd9ce08ad5b0639ba8f1ec07881134c6c
4005,806,3,279,279,133,38312,,2e16d47771e9d1b6136025f20eabbb10c0a8e9a155724051bd056a3258897173
4006,833,3,147,147,73,22094,,7a83b522e8f7e9acb1ff2b5b9e6a79dc6b39ed4e85429f13890f12d343559041
4007,723,3,259,259,127,20158,,a71b270644ef8a325e5e9f66e520757308ea70f573887eed256f25639fc38957
4008,730,3,151,151,75,20807,,0add0f88a256819c8633e70df8c8a11069c4fa0b951701ae8296604d321e596d
4009,708,3,230,230,141,18880,,8ea6e8e73ef0372222c21c17880eb1fcff006e20592413b9dd48d2ee48cf29cf
4010,703,3,85,85,46,16296,,02e0d06f5a94b36c0b4f8aad1fdc3b6c28b11d194afc258ea1f807b9fcc6c27f
4011,827,3,78,78,39,12958,,17cf63535d8a4f6425b8f09308d862809999a5ef7deaab54cd2b578daee63ac7
4012,701,3,138,138,68,19722,,cdba01bafd565b9f70969cbc3ed74b338b74b8e6da957224ea461a932da35852
4013,824,3,194,194,96,32270,,0fd5420e7ebf26f33f143ad04f9ddb3dd88721d45434acb97b384a26b8f4328f
4014,821,3,172,172,84,26754,,099299cb1eaef152d1c70dbfbddc885ce7dceee90b8295b131acfc885895ee4c
4015,826,3,293,293,143,36566,,9923871b7794887de00171691e2edb73c89a04d91fcefa7eff2e26ffe55c3ebd
4016,829,3,452,452,226,41465,,2fea0280f671deb82faa885e2a0333d6656f54f245732ad06f10f334ef223a49
4017,817,3,599,599,297,26907,,fc64ce5a26fb77c7a6669bd979f50395bafdf4718b0a245a8d90b06ead4fbbdc
4019,799,3,262,262,147,28735,,a69bb4eecbc7960825d8ad607bb228de648362f67fd45c4b31dbb64ad1215be2
4020,818,3,328,328,169,30530,,7d2151217ec69af701f924b41d666121427ca02fe455ae6dc148db46d55a1c98
4021,832,3,386,386,186,21262,,4b5c13d4a26bc491133029d2af35400828e5a98698c4687f355d3754dfffc798
4022,823,3,292,292,132,21802,,1bc76b9841c4afbabaf94f5effa5255b0f1c455570c8e139fba295faf3628863
4023,805,3,223,223,120,24832,,cd219dded0e71ae3d0d03d7b91ff0f8b9b6b4bdc2e545a5724eb66fc7c65c548
4024,811,3,251,251,122,18159,,795a5ed149ec985924ae55663d6bb88f846386a8cbb244163629a128996aefbf
4026,810,3,300,300,146,37641,,58a4c899a04b2c9fb957b26383536cac91145afce026d01e82ccc34da38bfdd1
4027,699,3,135,135,67,13725,,89afe640dd1d0dcff70c0eb1394eb20a23562c471059919f84ae5090de357a6f
4028,809,3,428,428,209,21085,,c566b34cbfe7385d42501884a3c231aac517a364918ea7b75a3bbbf077652e7b
4029,802,3,170,170,84,18094,,50a3994185413c48a50ae94862d6a2aa927883a5f6b0b18f1ad60dfe50abbe8d
4031,804,3,165,165,82,17577,,0b4edab5bd963a98c39c7f0fa0e31e042455260fe9b977e21a22204c69a57f11
4032,816,3,189,189,94,33516,,5cc8635a093c654d4879080bebb1bf739ae703ea16f40d86951d769e86f3c797
4033,792,3,187,187,93,18988,,e90c100f547224d236f774216dd3c1c478e953b7585655d91f4f9655f47d5090
4034,815,3,559,559,263,25734,,5d40c5827207300cfb5b3889ace702deafde7015870473e1ca25fccc28493a33
4035,764,3,314,314,150,16911,,2941ee1968842c2f6b54c281dccd6a0bb97ceacfe1e84cc377dee17572e7f00a
4036,766,3,135,135,68,19637,,29b9076f31867ce50c65c34a0e7f15b394bcd6700d08eff8c0bd7dafb83deb77
4037,828,3,455,455,200,27862,,55be2ad425e3cf422fcb2cdc9f28e15a72e92e316b55f77c3b14e047aa5fcbfc
4038,830,3,125,125,61,17309,,e32fddcb2e138b36ec9edb2b9dadecc6fb8f3fff8eac09b71da9bbd785adaccc
4039,706,3,145,145,73,18436,,a22bb6b3f2e002135b8682c0b04b81339c6c77dbc6b4e8681fe6acd97677829c
4040,762,3,146,146,72,13520,,0054acf27c8094a78af5a12dee3facc2f001719a870fffb961deddce9f253e16
4041,797,3,367,367,165,22219,,dcc747f0b0eafc11f1454853439a10d9eab65d34caa968526d246f1b45d2c048
4042,798,3,385,385,176,36150,,5419b64bb75800bb60cf0442476a191978d31792fa516eb8bd651d61b4668fd2
4043,765,3,118,118,58,16502,,002e9d462b225c833e7ca1fed618d6feaab1fb7471949262060b476dcd920e03
4044,726,3,249,249,124,29728,,c8d217f33ae1ee284b1b03745e112eb8506dca309bd667bec38029cd032b8988
4045,752,3,45,45,23,11699,,394330597950564208671b928a9e24897b39c1d7e68ead63475c9cad64c7b675
4046,759,3,113,113,59,24041,,55cb409f5eff076615eebad95b3fdbf4af4e1b037c55fe637e09ed9ac41c4860
4047,761,3,25,25,13,11075,,42c9dc64ae5a52fa2c1c2056cc65568ea5ea12a179e52eb1d53d6438d1d56d69
4048,746,3,138,138,68,21063,,bd495da4973a2d11d90ade6817b269bdb52e7568d72fc32988a9bab02ac5877f
4049,774,3,369,369,164,18108,,3ac2716ab97c22e7e29fb1ee7fabca866250fecf1b30f24e0c22bd5acdea92c7
4050,781,3,497,497,238,35986,,f3734461d68b706a3eeadd91ba6947c031a70c8c5dc822e48153fd447b2bb264
4051,729,3,222,222,112,25765,,1c3a25ca90cde533e7dae36b3c904bd2acf8b8c3eaccdf7bce9c7a1d84b837b5
4052,803,3,144,144,74,22501,,c1c4e563415058c693e5c00a5ed5c4f47708871761f1b001fd01e0b96e403724
4053,812,3,739,739,347,47808,,d1769cb44cfab7957decc5da4e7bf9383962b9d85b9151db7abb9b07d70a4418
4054,698,3,288,288,131,28313,,b0773f673e9527268ae3f746f69929f0ebb663793b49671b425147ec325a9044
4055,807,3,111,111,54,13084,,733a658d96eb214799fd72b8e320543ddc0d27434de07d331c545863d40b0205
4057,788,3,153,153,78,23090,,ed2c6e4791c0ea5c21a106b97048552ec4fa462a86f065aa8b12592c370a1a00
4058,789,3,165,165,82,29863,,dba45bc33e894f8d6199b5ca64f84fee902840e1f8b059fb057b656757c4dfc5
4060,772,3,111,111,56,29646,,26e59e4869b8384326cf187384c3a631f8fd302908f169a9ec31973b7bfe99ff
4061,730,3,140,140,68,23851,,5bdfc90fb92c9c413dc29c8d2f2afc165288e2db915c814ac956ef9f8a9826de
4062,770,3,245,245,119,27149,,6a3a60260035e479b35bda2bb3f888412031b9e263d57668be13b725ceb0737d
4063,755,3,405,405,203,46440,,d676f18395a179bb6fe001e69b4ced447650e0e8df7f4ad37eedb4eb238b7107
4064,745,3,509,509,240,35256,,e25dfccc9cc4d4d82ed5b7557671fba0c18700a22927490c6f97b0015ba08456
4065,760,3,700,700,322,42231,,94dfca66d3b3c79e34015ad1e44af07d8eea766b274f7178c700ab7777e4cfdf
4067,813,3,670,670,320,36660,,663ba2fc0b2d554288764ca2f8a95c030e0a99ab842f655fa48e28f543944604
4073,544,3,510,510,219,30641,,5097f36af91861df41f7dc7b1f4208f5d5239146d97f76c77be28321b7bc749f
4074,568,3,298,298,148,21671,,ac6f06c683c6f3206cc0a0eb0396d8ef3e25430a499e8da3158d2b489ec2a75c
4075,545,3,57,57,29,8376,,64da08f37fd5b00f17a3d3ee5b44f40d6fd814408f5d51f666d695a9c8b5a70d
4076,538,3,363,363,187,27314,,3e3267e2e0d4a224eaa91c34994f240a263e17906e8e9c0c2c85a034487ec018
4077,543,3,238,238,112,22089,,1634497a11bd1602870d83f4f7725dae1a6fd1fa86a7c3ac1ec701b5a450f87e
4078,535,3,510,510,270,36901,,d88daa7f243c89e478db90a3e0df5bbc65d1b35698659692b6a25dc730fc6c8e
4079,505,3,765,765,388,42311,,2768e8f1ecb0e47e26331332539bab0a4094cc2dc9409fc7f282a7c582af41c1
4080,832,3,176,176,87,16698,,ce87c34fc1129d0edec74ace36dfa6f1a153aa268ec710ec0cb692e3b2b0caca
4081,799,3,273,273,133,22470,,cbe103a041ab903cf56c6aa263b296c05447c3559610949c8a6aea03350968a2
4082,315,3,462,462,212,23183,,a4f1593d962d2e84caeb8876055a447b2c0c0c9240356946fe658a0057968136
4083,314,3,102,102,51,14302,,d36093f66447462487f938b32b41b5adef036bd4a7a529e62bccebf620d6be64
4084,374,3,216,216,132,38217,,0f01ca612407157a0ce8e9edb97e4c60fdfa2a648e8662a87b8038e3416e17ac
4085,375,3,305,305,151,20095,,82a8232d900fcfe025276aa47f2255732928efd278f0b450ad64eb231c5810ae
4086,817,3,290,290,145,18330,,5d220eb8cb9665330a60d0e7210d3424d597ddbe9c7d2a12ca390cc81f0d4268
4087,348,3,219,219,108,31244,,bc4d0572698b908279860eca8bb4a4b3ce40c9b463dc0c2ad97684ea4a2b8d85
4088,332,3,226,226,111,26691,,6c5d4a415fbdf0528791b19671817417edfd0879848470846d7ec5b857a732f5
4089,351,3,309,309,153,28322,,090223bf2ccdef4cf8151568e6f4edf416093647777bc5cdba97f341d3a59689
4091,353,3,458,458,209,25602,,19ee94ea8112e02b77576c64006a6a03ffd7aabe789f9a6ff4ba43d119d5879e
4092,350,3,342,342,170,25919,,23ce24b164e13a2676c4a27e687d7296fbc39ab8e1224c3b939a8b303f801049
4093,818,3,225,225,112,17865,,7003febfcdfb2b12419260db59112975f7a0cd33505804d230c56c33906ad046
4096,829,3,456,456,219,37010,,3adbf36da3717048f5aab6d6b5a6dffb35b7b2dbf29336a408b7f4023337671c
4097,803,3,308,308,149,21398,,9266d2147ff9d74ddbb0b6999fd98f3df1ac70c70b6251952fa3d9616ea7d2e0
4098,806,3,83,83,40,12814,,b7871309b7a9dc1ddfb3a0513f91529e513daebc9e44a8eaeae235edab155b85
4099,805,3,269,269,132,33301,,4335ffcbc42983965b5627ad919c3601f6f70c580938d0c74955bcfd1163180c
4100,569,3,260,260,126,23498,,d1e66a653343aebd266425b42979db351c4d9dea267e9c31d4942c7f05df12dd
4101,516,3,380,380,189,32876,,f1293b9d448c308afe6509abb8725d6bea3b7c3d1d068025a8a5ebf866b39835
4102,565,3,294,294,146,25360,,d1284afde5a24a4c20e9adcbebc545823e2f720ba35c3c0553d9b647e3fc7982
4103,566,3,345,345,167,36064,,8266aaa5a03d689b08d405088429b619352b185ee399a80c943df156984e19bc
4104,518,3,222,222,136,25729,,3c05dd13bf18fc558c61b1beede77fd9e7b48779df6262b2c42987e83cdb5d2b
4105,563,3,65,65,40,15369,,1368358b12af6276dfec7cc04214df449b2bb375277f29bb369a13626fb8c4bb
4106,354,3,218,218,112,20320,,c0092e43682eabf57ccf32389f208fdbe8df17c6e60896fe49eaa1afe0efa124
4107,355,3,377,377,180,29709,,1fbcf84ee03d9d7277aa5e37861aa1d2669804e4d01e83290d44177ffdc467f4
4108,372,3,630,630,308,35528,,2008550db289c5b13f1754ef341aee7e873ebf238df75f0c3e9306cb159841b8
4109,371,3,146,146,72,13940,,f958164a64218232c54812927c7c9d094fda5ad7dc22117a694ecd1dc007aed0
4118,721,3,204,204,98,17947,,fb9515ab9309582915c8bde4d9556dc21c4acb7e33085baf5a7897dd6f8cd70c
4119,723,3,389,389,202,27015,,244dd6c9f06e8ce07b2220ca0d52e5e11853572f61eb96ec5afada87d03ef14a
4124,516,3,341,341,170,33717,,48e7091112c4d3d544f7775bc632fd4ab347971709492afab46734c5d6d9d5dd
4125,566,3,193,193,95,35030,,cbf0ba3bc59b30347740842fbe02375b7c9cdbd4b8082c16fda65e5343d43de9
4126,535,3,187,187,87,21523,,c8d8f0e8035dbbe8e8e4f018c026b01c49b06922ff3d3343af764ff965a15bf1
4127,708,3,81,81,53,8819,,f4ebd81dcf3b16d8842cf988e41ae6ad0fe5b6007c5303390afe0420c87f03b8
4128,701,3,79,79,58,9631,,735e0fe5d821652ef9fb897c3052bf1b4941c9fd80c2ace7b7a05813d97ad2bf
4129,827,3,294,294,152,16118,,6212c2f4f4d293a7d60c501e340819c7c9f6859377cebe54857634796a338ea5
4130,706,3,87,87,44,15751,,be573b99623dae9b8b39ae5487980ab61f8365c28786ec28eacf62e6a7a46f4f
4131,826,3,269,269,131,33044,,6f6ec3439f6a699f4ea137a36bcf1a26d797f6bc39f0560f2120c5a777cc08b0
4132,824,3,698,698,303,48147,,2abbfd6baf1e5e7b0fc08eb9f3519066b9aea7d21c51f49f41d42382ea40228d
4133,821,3,151,151,75,24375,,7567cb4bab2f5a03b9ec21071edf5f9133fc51b1b6f7a970ec07ca88553d153b
4134,804,3,225,225,113,20591,,81a8f6cf02b6e26920c82f967d531f194c0231c40b88d5440d3765c588f18e91
4149,537,3,554,554,243,28799,,10d2fc53b9abe052f4959f84ef52ba6952032895e90552bf6cacf63611fffa3f
4150,762,3,201,201,100,14267,,b5717bc02e3283a56e62126d4b92242bcb0020fb2870e6d004fb02bd11c27d4c
4151,735,3,139,139,80,16877,,8f3edabc0a05ddbf5fbd0ee1523e4d955a0ee3d88b3a9e7686446f0561b9c983
4152,736,3,205,205,123,16763,,c7321a3743d7d1251a4668ee849c8db3c19e83353a798234442a33dcc5712259
4153,734,3,478,478,220,21731,,ec5194dd958bea329a2a6a17350a4768bf865532747df641fdf6677af46c2186
4154,797,3,167,167,88,18084,,d551ef1e9693ba2cb7f6665617f50d991b8451cc6b98109d2759231ea56da105
4155,740,3,170,170,86,22135,,0cfb31a67b92dc74643f36ad9cc3ef740e10ffaa3194889ce6af7eda84b661b5
4156,739,3,161,161,80,23592,,3a45af693c87284388f08530d10b57b095ad2af1ec03281c6fadb09025924e02
4157,741,3,275,275,137,22060,,ce19203e71e609d91a767159a35405c22bf70a81a89ebd0b5d4842942de1e95d
4158,737,3,464,464,243,33566,,2cb4bc8faffb564ef3ce7e8c08ae9f9a19e4db2882510ba8170468f271c47e94
4159,748,3,189,189,93,19210,,a77ab154666e8d49ea87391aa41580f5dd32d9419f233be78e707e0e44764fc1
4160,741,3,143,143,71,18754,,9682095748d7628c53f32b12cac473d9fb4482758beb50ed515500e39043e8da
4161,740,3,595,595,265,38908,,e1c58351cd9ea96d7380ecf3e0ff6d11ea0440ef4d0ad5c4ae100547e96c28a5
4162,764,3,484,484,227,22517,,1a471b49aa4203cd493084eaff9cb124b1818bc4c1e3946da595d187d4c3aca4
4163,766,3,498,498,222,32001,,a2d34206dbeb91294fed49f3661fe567d1bee7c7e1a0d7507d765c070e99ac40
4164,798,3,137,137,68,35904,,622c4d5b34c328265a5ff78844132328552b2f84f688415afad89ce5b39f6314
4169,736,3,865,865,381,31434,,1ae450f2099f9385784e667e5571c1cafd2ce319255a8d7dd38ad73e161f9121
4191,802,3,537,537,236,24401,,3b6a5a144afab7906eee65ce66e1b265cf2080747cce25f9527d18dce846e3c4
4192,825,3,437,437,194,22903,,c6121ddbeb662e4a202cbb1b9ece96183ad37e897a61fe996d7d4bf85fcdaf17
4193,833,3,244,244,117,23427,,7b8ee115692d59773c2b886b05b72321a430e5e05235d5b0b85b2d81f96ef16c
4194,823,3,259,259,127,24635,,e8ee3345d569cf976ce24c613f01bed6daec9e66060d97230a3e829373d0546b
4196,699,3,184,184,90,16218,,ac8d817e019bd2e1b89616fd8a898162ff21ef17a23e57e05f362fb4cb4c2c11
4197,810,3,686,686,318,32072,,8d9edc70608b6fd46690b2c117e3a104ef1cb54713e4b42b55826191c95ae5a0
4198,788,3,580,580,243,29099,,1d57221fd6c15818ebc86a750249fb1fac27c1f34791fd2f3ec1f9ebb9556105
4200,789,3,331,330,173,30517,,cc1c825e444b69f58d0737c2c7b7abfc2c52d594b14fd2b4799b41bfa5a38944
4201,784,3,1203,1203,538,44990,,dd1d562e86ee08d6f63ca09ac2dd92b9c1607312b1fbdb8ece28378d0bc82217
4202,769,3,115,115,56,9248,,d2250e9814c5bce4067808f46c8901de524b6b12fd7f1464de2ecc165a52b74d
4203,816,3,277,277,148,33675,,13365bbd43f989b73c0406838d027443e68dbd897c6e3ba5d89f0a0de30e64c8
4204,792,3,548,548,269,34828,,bb063eaeacad4b01244f4ae5772644c6404caef52c8703995ddf2d266afba018
4205,815,3,488,488,224,23803,,9c0ac2cf5be5b1a4913b2410f8c9af25d8fbc8fb10f3c0eba573129988340291
4206,791,3,292,292,138,21443,,a29376ef72caa2356193f05a635710d5804ec21d0f4c639cccb0b48ded9daf14
4207,813,3,66,66,33,11570,,18c649ce2a002ce16bee483c7756efa151ce12eae174b4da597b19a1943e3820
4208,813,3,468,468,196,20936,,2e6ea84ff6f520be2e249e73826c56f09c0ac107b420dcae98a181b4e7b2ada8
4228,568,3,177,177,89,23157,,aedf1ea48928b088ad6db8c8c3283b3502de0b824f3146885aa647a0614d39e4
4229,545,3,104,104,52,21566,,586987ced9beae37b983f41e0b1a4f27d8144f305d8f4b4e85dd73f27dce746c
4230,569,3,437,437,216,22703,,bfbcc9678c6cc1d5999b27f0598baedd7e0f180c92009a0083a649e629788076
4231,544,3,619,619,302,37340,,5380d4f2ffab7a475c7addfc836217028e9442aa94a548942831b65ef55a47b5
4232,543,3,873,873,401,44189,,52f2d6d229ed153bdfb88d05f4ce5cf531cae434689346838ab731c975e2fd5a
4233,538,3,193,193,83,21594,,a2fbc1c23be6279dcd306a29e39adf7a294707174aa1c22ba45c2d78368824ee
4237,828,3,538,538,245,33023,,42bec6d59f5482a514a9ddc0b7ed48729c97b10fb6a38dae424c13f0319617c6
4238,830,3,294,294,148,28621,,22f99b68074311b3610043cbe6f225f22c202534f85990e240be3de9bc4241e8
4239,703,3,294,294,155,19340,,53ead6e42ca0ce89ec5915508bb061db096a1eba3d140fdc390d3c381ae6992f
4240,314,3,277,277,136,30450,,cfabf88371efb50d5d6155dd3e4c4c90cf92b3d707321a2f0bad49abf1ce048b
4241,315,3,282,282,136,21905,,094a3fba3193e616a7bfa58d2efca763601508339cd5f06322dafb2a9afedc3b
4242,374,3,231,231,134,29432,,e0afcecd58de44f0988c0a2ba8c44203739b017899d6cecf99bacc2f268fa027
4243,372,3,385,385,190,25496,,eed0ff75cb8e0aa608dbce7a3955325c812a48fdad90b9a1e22f7c71cc89224a
4244,332,3,649,649,292,35562,,6cec5bb4d7639042412d00f5d936931646ab7a08f6bbf6c9493a78b32cf87cf5
4245,371,3,276,276,138,24704,,0ff5589117d1232e06160dca1169ebcc717ee9ffa1bd41e4e6d56bfcc0232988
4246,350,3,522,522,255,24404,,19bd3ae6ae1440a3186281db3e1a657040944ec239b61c61d3ad90db94d5ed9f
4247,353,3,375,375,178,23346,,5bc6d702bc7f4df392f72c5a1f7dd47b017fc8711261cc600b4626f63b0f6a01
4248,351,3,582,582,283,40711,,7201af291f03e9f336fdd73eff750cc7299d47838e7ce8c4d542492966df57a7
4249,348,3,591,591,287,46341,,1bd15aaceda31247ab2f814450f55f3d02ff3b2d99d9afe1696410828461a7bf
4250,352,3,660,660,292,33777,,6836287ead200bbe1c12c9c242e8c20c2e8a257aea2bdfd18ad27c262ee5c1ed
4258,354,3,352,352,181,24697,,e3a0e4b16f9c05c0061033d5bf88677e538d76581b1fd18ab062361268e82040
4259,355,3,270,270,129,24553,,c088065b42709d5d01fb3ef852d390fc7f4c4d216d44109b15b10a4dd963c3f8
4260,812,3,283,283,140,22913,,786f1376c2960e721a4917fce0e3d373c69735e26b5ae6b8376af9a34cc1d1ed
4261,807,3,231,231,120,27055,,f84bd3d13c6afdd6f795f4873f81ebd3b8706e25d77c7f69f0278550902954be
4262,811,3,402,402,196,27568,,d21e9336deb88818ac867e1a52a6d647de0949561eff3aa420d05115bb381e00
4263,698,3,223,222,4,27134,,24099792995a5b5b932b263538395fdcc1cbfb84a5ea1f3a87a653a745f3572e
4264,760,3,378,378,187,31195,,24b9a4892ce35671c8aa194626db63141f03f8e788e5ec10d262d73f29a06ce0
4265,752,3,259,258,127,29822,,4a6adece4d8f7763a5f8e5ff8320d27ab95b999561d735ecb5ce84bf7fcdce73
4266,745,3,920,920,396,38016,,a2dd231032e2407f761d9fb74cf00950d8a1d215f7529b258570a8d318e81b96
4267,759,3,214,214,106,26845,,c97c4661ebbd946af902f8c40b2443ab4647eafc79ccfe9556847316743b769d
4268,761,3,183,183,90,36921,,16b28d2fda0abd3ea46ab2b42da06eb05b365e8ece2014e820bafa4d80ac57bd
4269,755,3,500,500,258,54119,,50ef76d5ac0cb96ed387ea4ccde0fcb2c4a4feff8f57cffd38d5f6f420397901
4270,746,3,188,188,94,24940,,678e368b3cb996a339fdbb5f44854bf88c955d732efa0578d2585fa7446f85ed
4271,757,3,293,293,151,36271,,c830f013f2cfe5864376090e830a70bb56b60dca0a8cd6d07f96aacd5efd70c5
4301,726,3,1026,1026,477,40375,,bab1472efb8104fcbdb85712eeff3dab0b0434e113c56111fa8284476e8c3742
4302,729,3,321,321,159,26269,,a7c347fafb0c48792b14e7abe3a28968c2fa077a356c257aaf22c1fcd997879a
4303,764,3,719,719,305,27958,,517667d922b0ffc83417d25b08268816cab391f075e40bdb08302db107077a12
4304,721,3,190,190,93,25380,,2271fc43327af01e7b6fdc48be174a2c9980523d34b99d928ae57e5fd0c4d644
4331,708,3,660,660,258,28003,,50926f5762cd676a4e1f4f81c7659b5c370a6ce72295734c8638380b11cde5b8
4332,827,3,323,323,196,36586,,bf8fe6cf2cd882082460779db6c830f527471f9d13c4f4169e87307ae06dca7b
4333,828,3,350,350,157,25941,,84c50fa5a8ff719bd0d1356254799b410bf12cbf1616095e81406bb65fc95df4
4342,417,3,354,354,197,36633,,6c89bf36541c015ae51640c15a49962feeaf383c7eb919ca1e44a6b58caf6f1a
4348,735,3,133,133,65,22765,,8e994a2972b63f76976046e8b2f39acc95d511d0d914c5b18aa35649b320ef88
4350,739,3,67,67,34,26646,,a4ce89106284dfb5dd5fef1fb0bd951ace37a4a9bef349cc590beec4d6a8f1ee
4351,418,3,94,94,47,18621,,bfcd66e1fa5ac7a5428f886adf82563116a87b5f53dcda0a2560be3330b5aefd
4352,423,3,136,136,68,24537,,2f9dfe0aa908bc1945fa1038b95785b014cb504c09a7ac39302ae0843f1b747b
4353,421,3,239,239,120,23693,,716c46a88ce7e843f5fba415f9bd178d470b69bd80e605ff46d6c0f90b5edb7c
4354,422,3,385,385,191,32002,,0f6197d3512260c05830004606ad9640c495ae7e93498c12a73de493405cbbb5
4355,424,3,246,246,128,29464,,a256b364d4af1dd983bbad63546907f6176238ba47cf91c77201f229732c30be
4356,403,3,188,188,92,17525,,9140f2b51253f117fb6cc3ebb91341da762361edb3341efb974d444480f9bf79
4357,444,3,269,269,140,36478,,bc88e65a4ae5e0ae8a82d8f2eced1e87232eec8c5ec4affc3caa3f2b10a54697
4358,441,3,315,315,157,24414,,dd3c9837a4a2e9054b882bbb554666c48ca1171b1c766f866545f417da22b50a
4359,444,3,640,640,298,42168,,638d47b06c4f5cfa918a5985a8a97f14d857ae949d12aa9ad4ef4b6c79561d2b
4360,419,3,468,468,247,39783,,04d444a72518725cf9fffade140a50cdf3b0b11dd5806e5d60e3d4c046a8b750
4361,425,3,239,239,119,18769,,13e7ecaf5c232ddda27a34642468c0ae46321514285b6eec23623a4903b1cb7f
4362,440,3,389,389,187,37498,,76bf3819795acb83f28f8891400705a5c54d05da4e1d0818e57770cfce130cd1
4363,420,3,251,251,134,19688,,733b2050ebef12e655f105f6bd07c6c25f01a265da9395473df64f09b4e665b0
4364,426,3,392,392,196,28684,,0cc7229ff284b33f859c2cfff88d3a2a7336c8437adef3b6a2b1646804b68a3d
4387,799,3,159,159,80,29939,,5a4d7b2829f37b5e43ff332213706bca73a77991dde5f7169157d0fbbee31ad7
4388,829,3,326,326,163,30806,,68ded3e6340f684517379c47947de55648482728e8a57e38d3580c11772752e5
4409,817,3,220,220,120,18618,,77f89141891eb17fb7bbc9e15ce5d7451b49d118756c8eacc08341e269e5656d
4410,737,3,359,359,163,29730,,ac6e6043ae3243ed1e63b84bae33cffc35ea18173d1b7c33e9559da44aacca72
4411,701,3,363,363,223,29003,,db4be079ee812d33139c24dcc38afc4b3a82aba2315220848a9fd8fd10b458e2
4413,703,3,233,233,140,21328,,aa9a6c631d8cc80c3e207878d7b997da33fd79d46d58cba1320b3262f26dc6f6
4414,375,3,924,924,329,23531,,ec7bddcfcab580556eff4915d33f191728287a758f33e70199af7a08921a30c1
4415,563,3,195,195,98,28561,,5d913e5c8112e6c959b85c585a166a2d7333be375b1e1210ad76dbd0d3306087
4416,545,3,93,93,47,18565,,e20cbcba99c560bb581b9d1168b82bb15c869cc9344d639fc6b4af7bed901f68
4417,738,3,198,198,98,27254,,a206f11a572880dc892c03a013176155920d655d8276a1292418ff2b4d5a248b
4418,505,3,462,462,227,42792,,76069668adb38ac36f927c91de20b124934a8b1c58149f5c02e75ef8ef4252a9
4419,739,3,414,414,197,44658,,d1d5b5e222cd74d150b842471aeff83af80cb79716e803753be8b5ad59e3a630
4420,736,3,898,898,398,32720,,abb89d4d18a5fad787baec0f20abe72b2489b0f7ffa79dfac2f2f5729a7f35bc
4421,734,3,221,221,123,17120,,081a5bda6ab58028700c81bc6d8603aac16cbbe0df23b54a1105e3116684f24b
4422,543,3,110,110,55,34542,,7ee7bace53c0ffd70bb95e6532f236936b14f895460eeb35bf7aecdc7429009c
4423,535,3,275,275,144,32853,,a682bc7258bf68774267ca5343ddd85fcaf88bf21d572c298f760b49c87b7426
4424,826,3,654,654,300,48128,,b5379436aca2820675385955bbc0bc2919bfff655f418c131800756a5b892e56
4425,803,3,460,460,212,29909,,7907b14c4c55db716ac83d0ab6b09970b8a38066c57aed59f55f6c2e4c4187b8
4426,806,3,236,236,118,39389,,082db46a804d26b3791da03be5d11a721b0150dec0fa2c5d34a3c668223e1c89
4428,735,3,1052,1052,453,40303,,6b9a0ac6ca3537ecf1e1acefd26aeb2ba7e1f16482e34cbccf63ed59f14b67bb
4429,401,3,148,148,74,24634,,f50832b6ec45cbed51db31263608d971594688dd8081a11393e41e765dcbea95
4430,1411,3,279,279,149,22856,,e128bf626719a731117f385106c075cac030960ffb43a483eef3d3fc7b11e96a
4431,762,3,459,459,243,26843,,39bfcbae3b28da349129f57ed7103b4c379a8b74fe2943c8a776fc3d48cccbfc
4432,764,3,186,186,112,16824,,c25b4aebfce630e1a13d1d191e487561aadab368e70ddfd4759a05fb521e26b7
4455,766,3,247,247,123,25740,,8bfd58dbe75531d50f675d9737d15aa1b1622907d07f50e09131917af5118e46
4456,831,3,345,345,185,28255,,5c231c949d248d382162f9df572d653886077dc76e791d8a3dc54a77e62db3b6
4469,726,3,192,192,100,26326,,0b3ff5a5674d63ca42f13e975c1ede824aad45030bfd268946cdd8595a3a9f55
4470,797,3,666,666,310,32826,,cc61dd318b62a95ef5a36f2538bad8348f8863fe83f1512fd738ca3fcd583703
4472,770,3,586,586,313,30429,,c6421cdb73b5bec8b22fcf0c03bcd51863a94d24f037181dbdb878ba998b09a8
4478,516,3,974,974,387,47833,,314b38860d369902cd05db899cce816cbf6d61b3c641888e7a55a7b628790710
4479,565,3,487,487,259,31233,,c96dd617a9f6ae7c7b7603ed284fccb0fec86be0450b1eff2f580092d787abd1
4480,556,3,511,511,275,47097,,5acad1ae94849779f62fb198578fb29020d89c0202bf3d8aeb441a03204be3ff
4481,568,3,165,165,82,17316,,7d3b58586b9458a2f6bd45454c9e97455bd9f1e2ad791b9d49f0cd5754a6ff24
4482,544,3,597,597,261,27295,,493a48ca88eb6cb6f33e958aab02f26542b8be7ab5c504736a1cc0d66e36763c
4483,823,3,179,179,97,27716,,c553a47c0501c85e8a32161fbb5ba08e3e76ae76ad6811225272744940b696ec
4484,802,3,91,91,60,13327,,e8fff1b0ad50b7ce1c626d4d2562b9d33dec14c0d170e6a34b0137fb0877cdc3
4485,833,3,209,209,115,24556,,75a041fe131bc9feb85ecdd688e7fc8df2092fcd18c0d531645ebb245db0bc41
4486,825,3,315,315,197,26193,,aed4d2b813cb10d4eefe757c78181e80053e3f4ce573ce3c0c0d2d955c2c4c89
4487,809,3,430,430,202,23059,,f8fa81bc5b5b3f8f2158d876ea759de4ebed2344598b12a6447f55b06919684c
4488,807,3,291,291,168,25120,,86bab5f0c47d6bf39d338f3bca7c90f559098c796460a5b9735164c021c58736
4489,698,3,368,368,171,51272,,6a163591cc6a64b95da19ad672973eb5b186edf37349c1e3cec5af5aa7ce269c
4490,699,3,305,305,166,19456,,ede7abaa77ae59430e1d527f8afcb2ecfbbe7992de1ffb37a4fd7bab6ab242ea
4502,791,3,354,354,183,24112,,decb71eaa3533758e68211e6a01e971cae01acf79ee890e156d51c5ff47d06c0
4503,815,3,551,551,213,24048,,db93c70d0317c83df087f43afbb7d39a96e84c94429755c8c8ab5ad277c05844
4504,816,3,626,626,247,41276,,40e1da38d31e0401a23da7d4d2765ce3c16ed03ce64cd7f0cd6256003d7e4926
4505,805,3,156,156,79,25190,,ed94fd38370c875e717f81a05559a990a94c16eb70154feffe233a57a4b07198
4506,804,3,480,480,212,26496,,e274f87111460d23d393c48112b87008edfc0bd9b04e65f5cb2b90ca409e7eb9
4529,810,3,345,345,168,28887,,cbc5b2b26eb0cefa873552ddc62d044d881db30ab3e33fae7de5f5d809080b9c
4530,811,3,191,191,108,24734,,20ebab7b580b03664184e0f40dda4d181c1c063403992734e8c1839dd56cc9c2
4531,809,3,272,272,138,23793,,71dafcae215f5e14fb0c72469aecfb61fc0ebf0a44e725a2ef8fd9120b537f8b
4533,774,3,286,286,157,19139,,01f60a70f7522f9bfa16aa864f9100e56608dc089ed123ec07d1663c1a603a68
4534,792,3,192,192,96,26866,,8a62d3113124c748075dbc2ba7127ad76886818de72f11ad439119cd88d58c45
4535,813,3,1146,1146,462,46239,,9a9ee0393a0671c0ab9f1143a1832d557b6c106f75fb932256726d230360cb65
4536,765,3,221,221,108,14891,,7a533c64f3802e5147d1df1c5faecb6d6705791bbd748d4419c87f85e8583bd7
4537,789,3,180,180,90,25171,,5fa5092adb7bbbd9efd1de7be9997218166463cc7120861f839f290ec08ec12e
4538,788,3,75,75,40,24279,,b5abf38c0f7d6de33937e9f34a52b2a29cea1ca49ee316e2b0cafc05241e9397
4539,784,3,176,176,88,30591,,50bd6d100ea603cbe58862a438c353bf4e2c5fe696b29dfa544f4a60fd8d22d5
4554,428,3,278,278,139,29816,,0128247f2f5ae1fe3d45e5291c68423d71c19213d7ac1d1fc803b8160eebcffc
4557,761,3,101,101,51,28190,,f854cbfbd3fa7da9900a7ff7ed2462e3850ae75638f06c453d2dbe183a86bd54
4559,745,3,132,132,64,20848,,10202f1269bc222aeca7a096ccbd5332151f6e501a713d5def6110ce2a67df9a
4560,752,3,171,171,86,26746,,6ef131186a3906079b62e232724e626d03bf72657ef276336864ff4e6dff082f
4561,755,3,447,447,250,52058,,c6d6d06bc88309b8fc4e330b49fb7773f349bd8da8091e3cf89bfe2494ead035
4562,760,3,826,826,398,52049,,540dffb9a430afac7ae616b247f0c1580bef3c63b9647b539e718d372640fbda
4563,746,3,184,184,88,21958,,9e78002957988d71066064dec55617de0bf0480c0e5cbdcd5df968d83c5cb8fc
4570,832,3,482,482,230,23401,,6e5d3e00b7ab28454b7ac9edda5f2f5f16700894cada0a98911861710fb2f8a5
4583,438,3,605,605,282,33492,,aacb4370c871c10be787686d67512b21877cac2e252d21255ac263e74792b226
4597,353,3,294,294,139,20271,,29dc5e57584ce283ad92808621259f459607b498c434edba9a88c68b1de77c69
4598,350,3,117,117,72,17930,,49cfe926f7c3a34a186d4362e4482e622549df90ef00032123e0c5236da3c8f6
4599,352,3,218,218,106,27783,,fc486a5b404ea87f0dc8a432374081d16547949e333c537d401c0e3529f804b3
4600,348,3,299,299,148,30425,,653fa074b57f2be5d040248320eb7bd6cb97c19cb241df4ee58bb05cd68c425b
4601,791,3,108,108,51,17629,,2620c72f3740f325695552c97dd01fe53eaed2494f5a8e3cc66e1dc0409f58db
4603,757,3,260,260,128,33205,,225d180262797ac03e78cda953cf21e44df9df5c18fa5d7ea08d609bf23fbee6
4615,730,3,636,636,272,31561,,69e5f26381d12d28a663da92f1abbb02e8881f250b7d20aa564eafc4ea1901ec
4620,723,3,200,200,100,22059,,91c18bb463e0e1d7a9c3bce94e92b18da740b7361b11318248ff7d3055d10c24
4626,798,3,78,78,38,31872,,25db47d7a81edd38e324d4020084a01078f50da2972f46a3434eda6038e055e6
4627,355,3,366,366,219,35875,,dc2b348f11906caa9d685751bf35c3790d3eb2cd45b615ed2b2418b416289d7a
4628,354,3,317,317,154,26412,,fda55a527edfe67376b14ef8754927161dfdd0a5b12b32facc6961b103286a4e
4629,374,3,234,234,117,33919,,b8ba56129d782db228bae74d65a36c4ad91482dd4d084f13d03e484b133962ac
4630,332,3,79,79,41,23857,,3a9bd6863d6ff9fcd66b89a6f65d99dafbb5250226ff1c475a2cba9182f09ca8
4631,372,3,393,393,197,32383,,210f65369024256cd7a62eedb6d20e72eb0214e3dbd5a968507ee7bfb52bd7a7
4632,371,3,471,471,206,38066,,9c2d5d7dc9987781ccfe89d78224aa1ec075eb23271fb62e98582995a2f8e9f6
4633,314,3,460,460,227,36032,,87f77546efcbd85ef954ef4a597854febf22d450df397f6ab60b29d28af72a97
4635,375,3,132,132,66,17058,,178603f3f920e133a1b938cec3be92777784ab52c56da10f6f46589cd2fb538f
4636,315,3,334,334,171,18955,,73e9060c2fbc833f9ed27584b14bd1eb8f023d82b27d76a0c4c736a61f954eb7
4649,729,3,515,515,288,37553,,c89550846068fc05dc8cfff1379641edefdd27e6d6297b1c1fa0ebe94f458439
4650,721,3,565,557,289,32802,,b89b0694d34695ac1e40cb18e4c14986288db0d0890ef82fce89f25b3a696dcf
4651,740,3,355,355,192,29103,,72c3a6be873fde3b517e81fbec5d4614acbda7d081dfad6a2bdfdb67c5046be9
4652,741,3,183,183,91,21836,,1d90b297d8915a651270e42cff4fb29f3c980c8c86032c874b3ab14f33fb6827
4653,737,3,324,324,150,29672,,ad2ae566258005a09519898026f69ec7722050b85c93bf2fe67d9ce34eb574e3
4654,738,3,441,441,201,27505,,33a2b672e0d583bbc76e6d3c18cd5a9c2421d0ad8f8946d70d0c62acfccbdc0e
4658,411,3,345,345,187,25026,,ce1161ee07866769428d18edf6d681bdb34c97897131473146dc478dbc98929e
4660,401,3,431,431,230,31280,,7de45ac0e9d667c2bd9e0f44dd3fa6a9d4dfb6df3210f7d8c3bccf16fe509609
4661,430,3,602,602,289,28214,,a2400c8c9963c208d4281732cc6e06ec486b349c6e0f08dc02837a677031954b
4662,427,3,466,466,227,28924,,6ebc6e1df1df76344eb5b08def7b5157084523fbaf7dd1c5880112574947b6ee
4663,830,3,779,779,298,24323,,aaa560742a35795c1ff804682c0d834c94ec9b5eaf770922d2280d718b05c5ff
4664,518,3,353,339,178,40968,,a20a51eec0ecb7ab7d4ac0e7e4aa5dea6201dd746e634f9242068929053af51b
4665,537,3,719,719,329,32840,,01ec6b2b5c80575387df97929ac77c6ec33c270767299b9b95d3682808d64f35
4666,565,3,924,924,392,37794,,a1168abda0bc009252b500e4f3b1ab585d107767ddbb30a2786c16026676826b
4667,545,3,85,85,47,11019,,dabb00f63b65183735a535a329f420bf3d14679e0a1523e15c22466587ede73f
4668,569,3,761,761,328,29865,,6aa4f05954781019527918c60df618cd8f5df2541987dabb82cb32704eebc5e8
4669,568,3,301,301,187,26974,,e0354aece9dcbfa0457d500dcf39e0068a71e383446bf901301454046203fdcd
4677,351,3,220,220,121,27903,,105f7f22bb434eee8d7fdacf2ff5b635346411292a1405c313ce8cb71d9202a7
4678,352,3,145,145,71,23220,,e2675fecb2afe19a905a4356830809780c58833af9647e4c14a2b6419f75ab87
4679,734,3,156,156,77,18232,,21d792bdf4a70f0a7a5be38685ca6403bca50196471a3bcc90b3e2206025a640
4683,781,3,580,580,251,40665,,1fcf3c27b042c21610affbba6ed17b72b3cc448b072be8376b8c8982e6fe793c
4684,774,3,489,489,193,20522,,69577dd2efe1d4f5d07eaf646ada2c7c66e72931e34ea826caace28746db2b8a
4685,417,3,487,487,221,33754,,a7f1690827ffb2ad20fd4af56fff101ceb831ec52bef779aab05f70dbdfcad4a
4686,418,3,64,64,40,26336,,cf4df97f6d90378910a0dd550faa32f97875ece83c887f72b610f86056604b4c
4688,419,3,174,174,103,24548,,a562ec36fc25d9a3d3b4991dbd2bd3bee6cf95d967217e0b87542c13e4d8a4ff
4689,421,3,309,309,165,31161,,a4b4fd259a9933b9f91302b2329f88a53c7608b3ccbd501e86ba23ca7cb0bbbf
4690,420,3,214,214,137,14282,,a5d1fce444d8650fe08958188dd41a9dfb4a2d4f8627ef83d375ee38a7b8281e
4691,422,3,806,806,376,33728,,a36bd6904185aa819b5425e67b41c8e83665e7dbf9cfa489d6ba9a431dc2009d
4692,403,3,619,619,285,25766,,63cf0bff9be1a04f5ae81cf044d658d39118e8a84e7b052db52ca9ecc8ee4301
4693,426,3,150,150,75,26396,,473d893c31d5c2317f56d50245301b19e19f88588ac1525a3c8adbf5d8903453
4694,423,3,166,166,83,21646,,2e544afc5ba897b5095cfd7733743ff9304bedd27eef06c799fe9894c962666f
4695,424,3,191,191,93,28441,,e1c9b36c1d00dcdd39f6e6342da54af2fa55b9c6aae143d392e0363786cefa1e
4696,425,3,113,113,57,15504,,c887dea41579657f15836c8f95ae0240b5c433ffa27ea638c145a05c1dacbe2b
4717,706,3,84,84,42,16845,,4fff25ed7ec4c6d5c5a3cf1a170a94355192db9338dc8cda3932bf3d3999d788
4722,401,3,381,381,191,30003,,3533334393db971b91812b0bc79b380ce1ecabf091a264a3cefc4415ba6034b7
4723,411,3,259,259,166,21568,,166d63c0ff89a3e88b955f797fcf2ec531aa89172da8c34268568d1eb791f517
4724,419,3,650,650,273,32938,,1456c54f3e1b37ab9d40f2ec3087ea3c86af38fee112edf23acac79bd956f4a5
4727,425,3,951,951,423,26328,,c5f60d3ac94e616cb0e8b1f931387ce808272333a2715d6f3d117445d4863463
4728,418,3,285,285,156,26286,,194ccefda03d3d6bbdeb6c20ac4d443268e59cef5de8b290a31feb46435145dd
4729,422,3,452,452,253,26208,,00a75aff24be51295ee1bac3a69dd2a8d3c170f5ba4952338c43b102a333bbe4
4730,423,3,246,246,127,20704,,c4eb26d4cda4a309219187baf0260aa56815322b5a3d4018afc4fe8fa4d22de2
4731,420,3,570,570,252,26899,,d3da74164eacce070c010c4a2803d631c18b9cf7cad5979b647d03df2bdbca01
4732,421,3,187,187,95,20200,,bce005ce0f75238cde8a2ffb9174ad7e495cb21a7a7ff3dd066c093c6cf69d0d
4733,438,3,189,189,93,22502,,3f450d97100e24bab9e4194b6ecd132d8dd10f4e1f227b8fcd46f2958e756d6e
4734,440,3,274,274,145,28390,,f076742ba34adad54bdf3f2a4bbf412c83ca15630bfe90b92005df7c82c9f0f4
4735,417,3,321,321,153,26005,,0c0674d889acecc963ee4914e8d42f59bb80d471fff6d906fe0bf628c45c8c15
4736,424,3,174,174,87,24401,,63c973ce5d79675dd778dbd0384b67939179be8d3e8201c0f478093c066aefd7
4737,403,3,129,129,64,14210,,58389846b096ac71e7f0383633be5c3dea30ec64dcda64901532cc14fc1196cd
4738,438,3,280,280,141,22444,,e5e2121fa177caf63e1390a22db6899b8739fa0259988889e1f6baa3b2f8823b
4740,427,3,135,135,67,18351,,fb32c54e91e6ad5d8890c7a7f43bab769962413ce4a6e96795bbba8548ef349d
4744,430,3,132,132,67,17705,,85b288d1152899ed5a6d9c82d1991b69939f2b75a616018ebc0c78fea2b9d5f4
4745,428,3,148,148,74,17713,,c75a076498256e7960395ffe7fd96b27453333c2089684b78886e21c3d718456
4746,426,3,614,614,248,29468,,61ba51cdae9d598d119520dc3e22eeb4d5365637b16188c919d9fde4aa241f28
4751,829,3,145,145,73,32596,,a15fff0c86dcbb9ef70729673ae176e9f42891c02ddbec5f27a6178cb615fe13
4752,832,3,164,164,82,21006,,1c6cf00bf61814f7ce0a79a52c0c2844cce503315499fb118c4bf4a26589f2be
4753,818,3,171,171,84,27140,,42bdf75a44057bc324e61b4369dffa682514a093257ebe42bf85c5af52374650
4755,788,3,78,78,41,17478,,0769abe66ea617937c591dfd037be6cdf9bfbb47d7e6c8738667f61acaba0d8f
4756,427,3,118,118,58,20079,,5b45747dc59816b217a687fd43e281c8c5451a2b1e789734f734fb9c171c1c78
4757,430,3,148,148,75,15717,,de82f141dd57cfa47e00a571f49f394fe0954c38eb8ca5e117575566e63a562c
4758,428,3,127,127,63,13865,,2c928e1f2ce4f1845a7b420444d9f3ef2d8d7c751f461547c484ec0cd49791d3
4759,537,3,411,411,164,14675,,5751f42784f6e5c128361fee38e0efc42d4493dba302f519a79684c8f66b92bd
4760,441,3,999,999,436,40012,,0438f9b3515122ea1a9d81187f79a839685bd57ef0f7934d3f79d6a644354125
4762,444,3,390,390,170,22566,,80edfde543b32f0033de9b776feda1dcf062de7fbb1fa054ae9ce8c78e66b6d2
4763,832,3,1158,1158,482,33148,,328fb8a7d6990186f034874d10e33d639c19e9bd292b153ed1084d86c0743180
